id,nama,kategori,zona,strategi,telepon,tipe,rating,reviews,maps_url
1,"Ayam Goreng SS Super Sambal Sukabumi","F&B","Zona 4 (Jantung Kota)","HIGH_LOW_REV",082323717118,mobile,5,1,"https://www.google.com/maps/search/?api=1&query=Ayam%20Goreng%20SS%20Super%20Sambal%20Sukabumi"
2,"Secret Garden Sukabumi","F&B","Zona 4 (Jantung Kota)","UNDER_5",087731991935,mobile,4.4,144,"https://www.google.com/maps/search/?api=1&query=Secret%20Garden%20Sukabumi"
3,"Like Earth Coffee","F&B","Zona 4 (Jantung Kota)","UNDER_5",081299800096,mobile,4.4,2380,"https://www.google.com/maps/search/?api=1&query=Like%20Earth%20Coffee%20Sukabumi"
4,"Kedai Kopi Ncek Joe Tie 1953","F&B","Zona 4 (Jantung Kota)","UNDER_5",,,4.4,577,"https://www.google.com/maps/search/?api=1&query=Kedai%20Kopi%20Ncek%20Joe%20Tie%201953%20Sukabumi"
5,"D'Green Resto and Coffee","F&B","Zona 5 (Timur/Utara)","UNDER_5",02666250889,landline,4.5,1878,"https://www.google.com/maps/search/?api=1&query=D'Green%20Resto%20and%20Coffee%20Sukabumi"
6,"Butler Bar & Bistro","F&B","Zona 4 (Jantung Kota)","UNDER_5",02666243639,landline,4.5,1442,"https://www.google.com/maps/search/?api=1&query=Butler%20Bar%20%26%20Bistro%20Sukabumi"
7,"Kedai Kopi 35","F&B","Zona 4 (Jantung Kota)","UNDER_5",,,4.5,417,"https://www.google.com/maps/search/?api=1&query=Kedai%20Kopi%2035%20Sukabumi"
8,"Restaurant Sunda Rasa Sukabumi","F&B","Zona 4 (Jantung Kota)","UNDER_5",0266213059,landline,4.6,1048,"https://www.google.com/maps/search/?api=1&query=Restaurant%20Sunda%20Rasa%20Sukabumi"
9,"Botram Resto","F&B","Zona 4 (Jantung Kota)","UNDER_5",02666257125,landline,4.6,727,"https://www.google.com/maps/search/?api=1&query=Botram%20Resto%20Sukabumi"
10,"PURIMAS 3 CAKE & BAKERY KOTA SUKABUMI","F&B","Zona 4 (Jantung Kota)","UNDER_5",0266221562,landline,4.6,856,"https://www.google.com/maps/search/?api=1&query=PURIMAS%203%20CAKE%20%26%20BAKERY%20KOTA%20SUKABUMI"
11,"Red Brick Cafe","F&B","Zona 1 (Baros/Jalur)","UNDER_5",08562259312,mobile,4.7,2140,"https://www.google.com/maps/search/?api=1&query=Red%20Brick%20Cafe%20Sukabumi"
12,"Maple Bakery","F&B","Zona 4 (Jantung Kota)","UNDER_5",087886837974,mobile,4.7,618,"https://www.google.com/maps/search/?api=1&query=Maple%20Bakery%20Sukabumi"
13,"Dedi Catering Sukabumi","F&B","Zona 1 (Baros/Jalur)","UNDER_5",085317323921,mobile,4.8,95,"https://www.google.com/maps/search/?api=1&query=Dedi%20Catering%20Sukabumi"
14,"Kopi Nako Sukabumi","F&B","Zona 4 (Jantung Kota)","UNDER_5",085218454121,mobile,4.9,3747,"https://www.google.com/maps/search/?api=1&query=Kopi%20Nako%20Sukabumi"
15,"Yume Coffee","F&B","Zona 4 (Jantung Kota)","UNDER_5",085162753737,mobile,4.8,425,"https://www.google.com/maps/search/?api=1&query=Yume%20Coffee%20Sukabumi"
16,"Amorcakes & Bakery Sudirman - Sukabumi","F&B","Zona 3 (Pusat Selatan)","UNDER_5",,,4.9,1904,"https://www.google.com/maps/search/?api=1&query=Amorcakes%20%26%20Bakery%20Sudirman%20-%20Sukabumi"
17,"Bandung Cheesecuit Sukabumi","F&B","Zona 4 (Jantung Kota)","UNDER_5",085138079841,mobile,4.9,186,"https://www.google.com/maps/search/?api=1&query=Bandung%20Cheesecuit%20Sukabumi"
18,"Takashi Bakehouse x Republik Burger Sukabumi","F&B","Zona 4 (Jantung Kota)","UNDER_5",08998252744,mobile,4.9,123,"https://www.google.com/maps/search/?api=1&query=Takashi%20Bakehouse%20x%20Republik%20Burger%20Sukabumi"
19,"Catering & Snack Sarah 009 Dra. N. Rohanah","F&B","Zona 1 (Baros/Jalur)","UNDER_5",085659480505,mobile,4.9,27,"https://www.google.com/maps/search/?api=1&query=Catering%20%26%20Snack%20Sarah%20009%20Sukabumi"
20,"Sukabumi Coffee Center","F&B","Zona 4 (Jantung Kota)","HIGH_LOW_REV",0895607037200,mobile,5,176,"https://www.google.com/maps/search/?api=1&query=Sukabumi%20Coffee%20Center"
21,"Catering Murah Sukabumi","F&B","Zona 4 (Jantung Kota)","HIGH_LOW_REV",085317323921,mobile,5,1,"https://www.google.com/maps/search/?api=1&query=Catering%20Murah%20Sukabumi"
22,"INI KITCHEN SUKABUMI","F&B","Zona 3 (Pusat Selatan)","HIGH_LOW_REV",081211113410,mobile,5,1,"https://www.google.com/maps/search/?api=1&query=INI%20KITCHEN%20SUKABUMI"
23,"PAKIS Catering Sukabumi","F&B","Zona 2 (Cisaat/Cibadak)","HIGH_LOW_REV",089648129378,mobile,5,15,"https://www.google.com/maps/search/?api=1&query=PAKIS%20Catering%20Sukabumi"
24,"Pinisi Relaxation","Beauty","Zona 4 (Jantung Kota)","UNDER_5",085723988876,mobile,4.4,286,"https://www.google.com/maps/search/?api=1&query=Pinisi%20Relaxation%20Sukabumi"
25,"Rudi Salon Sukabumi","Beauty","Zona 4 (Jantung Kota)","UNDER_5",089636398894,mobile,4.5,197,"https://www.google.com/maps/search/?api=1&query=Rudi%20Salon%20Sukabumi"
26,"Sara ivonne Beauty Studio Sukabumi","Beauty","Zona 4 (Jantung Kota)","UNDER_5",08992213980,mobile,4.7,144,"https://www.google.com/maps/search/?api=1&query=Sara%20ivonne%20Beauty%20Studio%20Sukabumi"
27,"KAYN Wellness","Beauty","Zona 1 (Baros/Jalur)","UNDER_5",0881011374685,mobile,4.6,11,"https://www.google.com/maps/search/?api=1&query=KAYN%20Wellness%20Sukabumi"
28,"Dr Metz Skincare","Beauty","Zona 3 (Pusat Selatan)","UNDER_5",089620001112,mobile,4.8,419,"https://www.google.com/maps/search/?api=1&query=Dr%20Metz%20Skincare%20Sukabumi"
29,"Avenue Salon Sukabumi","Beauty","Zona 5 (Timur/Utara)","UNDER_5",085210512015,mobile,4.9,65,"https://www.google.com/maps/search/?api=1&query=Avenue%20Salon%20Sukabumi"
30,"ADJIE SALON","Beauty","Zona 3 (Pusat Selatan)","UNDER_5",081564700608,mobile,4.9,300,"https://www.google.com/maps/search/?api=1&query=ADJIE%20SALON%20Sukabumi"
31,"Pixel Barbershop Nyomplong","Beauty","Zona 1 (Baros/Jalur)","HIGH_LOW_REV",085188339937,mobile,5,789,"https://www.google.com/maps/search/?api=1&query=Pixel%20Barbershop%20Nyomplong%20Sukabumi"
32,"BARBERSTATION BARBERSHOP","Beauty","Zona 4 (Jantung Kota)","UNDER_5",,,4.9,197,"https://www.google.com/maps/search/?api=1&query=BARBERSTATION%20BARBERSHOP%20Sukabumi"
33,"Simi Reflexology Massage & Spa","Beauty","Zona 4 (Jantung Kota)","UNDER_5",0266226899,landline,4.9,2182,"https://www.google.com/maps/search/?api=1&query=Simi%20Reflexology%20Massage%20%26%20Spa%20Sukabumi"
34,"Nadifa Clinic Sukabumi","Beauty","Zona 6 (Ekspedisi Wisata)","UNDER_5",082277773576,mobile,4.9,88,"https://www.google.com/maps/search/?api=1&query=Nadifa%20Clinic%20Sukabumi"
35,"Calysta skin care clinic","Beauty","Zona 4 (Jantung Kota)","UNDER_5",085883422233,mobile,4.9,147,"https://www.google.com/maps/search/?api=1&query=Calysta%20skin%20care%20clinic%20Sukabumi"
36,"ARSENIO SALON","Beauty","Zona 4 (Jantung Kota)","HIGH_LOW_REV",081111115517,mobile,5,223,"https://www.google.com/maps/search/?api=1&query=ARSENIO%20SALON%20Sukabumi"
37,"Pixel Barbershop Cipanengah","Beauty","Zona 1 (Baros/Jalur)","HIGH_LOW_REV",085122575661,mobile,5,1320,"https://www.google.com/maps/search/?api=1&query=Pixel%20Barbershop%20Cipanengah%20Sukabumi"
38,"Blackburn Barbershop - Sukabumi Branch","Beauty","Zona 1 (Baros/Jalur)","HIGH_LOW_REV",085183119400,mobile,5,2764,"https://www.google.com/maps/search/?api=1&query=Blackburn%20Barbershop%20-%20Sukabumi%20Branch"
39,"Pixel Barbershop Ciaul","Beauty","Zona 5 (Timur/Utara)","HIGH_LOW_REV",085692515300,mobile,5,3672,"https://www.google.com/maps/search/?api=1&query=Pixel%20Barbershop%20Ciaul%20Sukabumi"
40,"SERENITY SPA","Beauty","Zona 3 (Pusat Selatan)","HIGH_LOW_REV",085692712344,mobile,5,28,"https://www.google.com/maps/search/?api=1&query=SERENITY%20SPA%20Sukabumi"
41,"Aida Spa & Massage","Beauty","Zona 2 (Cisaat/Cibadak)","HIGH_LOW_REV",089604423244,mobile,5,1,"https://www.google.com/maps/search/?api=1&query=Aida%20Spa%20%26%20Massage%20Sukabumi"
42,"Natasha Skin Clinic Sukabumi","Beauty","Zona 4 (Jantung Kota)","HIGH_LOW_REV",02666250788,landline,5,938,"https://www.google.com/maps/search/?api=1&query=Natasha%20Skin%20Clinic%20Sukabumi"
43,"Ella Skincare Sukabumi","Beauty","Zona 4 (Jantung Kota)","HIGH_LOW_REV",,,5,493,"https://www.google.com/maps/search/?api=1&query=Ella%20Skincare%20Sukabumi"
44,"Hoki Motor sukabumi","Automotive","Zona 4 (Jantung Kota)","UNDER_5",0266222709,landline,4.3,106,"https://www.google.com/maps/search/?api=1&query=Hoki%20Motor%20sukabumi"
45,"Cuci Steam Mobil & Motor 24 jam","Automotive","Zona 1 (Baros/Jalur)","UNDER_5",,,4.3,711,"https://www.google.com/maps/search/?api=1&query=Cuci%20Steam%20Mobil%20%26%20Motor%2024%20jam%20Sukabumi"
46,"Baros Jaya Motor","Automotive","Zona 1 (Baros/Jalur)","UNDER_5",0266223419,landline,4.4,388,"https://www.google.com/maps/search/?api=1&query=Baros%20Jaya%20Motor%20Sukabumi"
47,"Inti Prima Motor","Automotive","Zona 3 (Pusat Selatan)","UNDER_5",08159860099,mobile,4.4,167,"https://www.google.com/maps/search/?api=1&query=Inti%20Prima%20Motor%20Sukabumi"
48,"lulu motor","Automotive","Zona 1 (Baros/Jalur)","UNDER_5",08156296746,mobile,4.4,77,"https://www.google.com/maps/search/?api=1&query=lulu%20motor%20Sukabumi"
49,"Jaya Motor","Automotive","Zona 1 (Baros/Jalur)","UNDER_5",0266235167,landline,4.4,89,"https://www.google.com/maps/search/?api=1&query=Jaya%20Motor%20Sukabumi"
50,"Rey Motor Sukabumi","Automotive","Zona 1 (Baros/Jalur)","UNDER_5",081313595556,mobile,4.4,34,"https://www.google.com/maps/search/?api=1&query=Rey%20Motor%20Sukabumi"
51,"Hars Motor","Automotive","Zona 4 (Jantung Kota)","UNDER_5",08970777798,mobile,4.5,364,"https://www.google.com/maps/search/?api=1&query=Hars%20Motor%20Sukabumi"
52,"Cipendawa Motor lll","Automotive","Zona 1 (Baros/Jalur)","UNDER_5",02666252866,landline,4.5,209,"https://www.google.com/maps/search/?api=1&query=Cipendawa%20Motor%20lll%20Sukabumi"
53,"Buana Raya Service - Auto Service Center","Automotive","Zona 1 (Baros/Jalur)","UNDER_5",0266233111,landline,4.6,139,"https://www.google.com/maps/search/?api=1&query=Buana%20Raya%20Service%20-%20Auto%20Service%20Center%20Sukabumi"
54,"Central Carwash Sukabumi","Automotive","Zona 4 (Jantung Kota)","UNDER_5",,,4.6,45,"https://www.google.com/maps/search/?api=1&query=Central%20Carwash%20Sukabumi"
55,"Ratu Motor","Automotive","Zona 4 (Jantung Kota)","UNDER_5",085724252554,mobile,4.6,77,"https://www.google.com/maps/search/?api=1&query=Ratu%20Motor%20Sukabumi"
56,"CV.KINGKING MOTOR","Automotive","Zona 5 (Timur/Utara)","UNDER_5",083818111515,mobile,4.6,692,"https://www.google.com/maps/search/?api=1&query=CV.KINGKING%20MOTOR%20Sukabumi"
57,"SHOWNGARAGE ( CAR WASH )","Automotive","Zona 6 (Ekspedisi Wisata)","UNDER_5",087820609010,mobile,4.7,69,"https://www.google.com/maps/search/?api=1&query=SHOWNGARAGE%20(%20CAR%20WASH%20)%20Sukabumi"
58,"CV ZIED AUTO SERVICE","Automotive","Zona 3 (Pusat Selatan)","UNDER_5",085864541100,mobile,4.8,114,"https://www.google.com/maps/search/?api=1&query=CV%20ZIED%20AUTO%20SERVICE%20Sukabumi"
59,"Bengkel motor sukabumi","Automotive","Zona 4 (Jantung Kota)","UNDER_5",0266222709,landline,4.3,106,"https://www.google.com/maps/search/?api=1&query=Bengkel%20motor%20sukabumi"
60,"Toko Jati Raya Motor","Automotive","Zona 5 (Timur/Utara)","UNDER_5",0266216327,landline,4.8,31,"https://www.google.com/maps/search/?api=1&query=Toko%20Jati%20Raya%20Motor%20Sukabumi"
61,"Green_wash Cuci Mobil & Motor","Automotive","Zona 1 (Baros/Jalur)","UNDER_5",085848800695,mobile,4.9,101,"https://www.google.com/maps/search/?api=1&query=Green_wash%20Cuci%20Mobil%20%26%20Motor%20Sukabumi"
62,"RBM (RumahBengkelMotor)","Automotive","Zona 1 (Baros/Jalur)","HIGH_LOW_REV",,,5,27,"https://www.google.com/maps/search/?api=1&query=RBM%20(RumahBengkelMotor)%20Sukabumi"
63,"AH MASTER WASH (cuci garansi hujan)","Automotive","Zona 1 (Baros/Jalur)","HIGH_LOW_REV",085775035410,mobile,5,20,"https://www.google.com/maps/search/?api=1&query=AH%20MASTER%20WASH%20(cuci%20garansi%20hujan)%20Sukabumi"
64,"Grand Permata Hijau Hotel","Lodging","Zona 3 (Pusat Selatan)","UNDER_5",0811114412,mobile,4.2,2023,"https://www.google.com/maps/search/?api=1&query=Grand%20Permata%20Hijau%20Hotel%20Sukabumi"
65,"Taman Sari Hotel & Resort","Lodging","Zona 5 (Timur/Utara)","UNDER_5",0266211457,landline,4.4,3352,"https://www.google.com/maps/search/?api=1&query=Taman%20Sari%20Hotel%20%26%20Resort%20Sukabumi"
66,"Balcony Hotel","Lodging","Zona 5 (Timur/Utara)","UNDER_5",0266211665,landline,4.4,2255,"https://www.google.com/maps/search/?api=1&query=Balcony%20Hotel%20Sukabumi"
67,"Homestay D'mutiara Sukabumi","Lodging","Zona 4 (Jantung Kota)","UNDER_5",081383514364,mobile,4.5,113,"https://www.google.com/maps/search/?api=1&query=Homestay%20D'mutiara%20Sukabumi"
68,"Tikungan Indah Guest House","Lodging","Zona 3 (Pusat Selatan)","UNDER_5",085283561431,mobile,4.5,38,"https://www.google.com/maps/search/?api=1&query=Tikungan%20Indah%20Guest%20House%20Sukabumi"
69,"Horison Sukabumi","Lodging","Zona 4 (Jantung Kota)","UNDER_5",0266223311,landline,4.6,5864,"https://www.google.com/maps/search/?api=1&query=Horison%20Sukabumi"
70,"The Bountie Hotels and Convention Center Sukabumi","Lodging","Zona 4 (Jantung Kota)","UNDER_5",0266221900,landline,4.6,5697,"https://www.google.com/maps/search/?api=1&query=The%20Bountie%20Hotels%20and%20Convention%20Center%20Sukabumi"
71,"Firma Guest House","Lodging","Zona 3 (Pusat Selatan)","UNDER_5",085722293332,mobile,4.6,188,"https://www.google.com/maps/search/?api=1&query=Firma%20Guest%20House%20Sukabumi"
72,"Anugrah Alam Homestay","Lodging","Zona 4 (Jantung Kota)","UNDER_5",085723292378,mobile,4.7,78,"https://www.google.com/maps/search/?api=1&query=Anugrah%20Alam%20Homestay%20Sukabumi"
73,"Vimi - villa sukabumi","Lodging","Zona 1 (Baros/Jalur)","UNDER_5",081399978636,mobile,4.7,9,"https://www.google.com/maps/search/?api=1&query=Vimi%20-%20villa%20sukabumi"
74,"Kampoeng Kita","Lodging","Zona 4 (Jantung Kota)","UNDER_5",081219167664,mobile,4.7,43,"https://www.google.com/maps/search/?api=1&query=Kampoeng%20Kita%20Sukabumi"
75,"Homestay WS Sukabumi","Lodging","Zona 2 (Cisaat/Cibadak)","UNDER_5",081281222254,mobile,4.9,70,"https://www.google.com/maps/search/?api=1&query=Homestay%20WS%20Sukabumi"
76,"Amsberg villa at Selabintana","Lodging","Zona 5 (Timur/Utara)","UNDER_5",08164820284,mobile,4.9,178,"https://www.google.com/maps/search/?api=1&query=Amsberg%20villa%20at%20Selabintana%20Sukabumi"
77,"DCT Homestay Sukabumi","Lodging","Zona 4 (Jantung Kota)","HIGH_LOW_REV",082312309669,mobile,5,24,"https://www.google.com/maps/search/?api=1&query=DCT%20Homestay%20Sukabumi"
78,"Qiai Guest House Sukabumi","Lodging","Zona 1 (Baros/Jalur)","HIGH_LOW_REV",082210001248,mobile,5,870,"https://www.google.com/maps/search/?api=1&query=Qiai%20Guest%20House%20Sukabumi"
79,"SILVIA GUEST HOUSE","Lodging","Zona 1 (Baros/Jalur)","HIGH_LOW_REV",085862574816,mobile,5,2,"https://www.google.com/maps/search/?api=1&query=SILVIA%20GUEST%20HOUSE%20Sukabumi"
80,"Adiza Guest House","Lodging","Zona 3 (Pusat Selatan)","HIGH_LOW_REV",087823427024,mobile,5,6,"https://www.google.com/maps/search/?api=1&query=Adiza%20Guest%20House%20Sukabumi"
81,"De Haus Villa Syariah - Subang Jaya","Lodging","Zona 5 (Timur/Utara)","HIGH_LOW_REV",081346603366,mobile,5,37,"https://www.google.com/maps/search/?api=1&query=De%20Haus%20Villa%20Syariah%20-%20Subang%20Jaya"
82,"Villa Mochi Classic Sukabumi","Lodging","Zona 5 (Timur/Utara)","HIGH_LOW_REV",085770217184,mobile,5,15,"https://www.google.com/maps/search/?api=1&query=Villa%20Mochi%20Classic%20Sukabumi"
83,"APOTEK AFIAT FARMA SUKABUMI","Health","Zona 3 (Pusat Selatan)","UNDER_5",0895397218431,mobile,4.8,22,"https://www.google.com/maps/search/?api=1&query=Apotek%20Afiat%20Farma%20Sukabumi"
84,"Apotek indo Medika","Health","Zona 4 (Jantung Kota)","UNDER_5",085877771000,mobile,4.1,122,"https://www.google.com/maps/search/?api=1&query=Apotek%20indo%20Medika%20Sukabumi"
85,"Labkesda Kota Sukabumi","Health","Zona 4 (Jantung Kota)","UNDER_5",085863416546,mobile,4.4,89,"https://www.google.com/maps/search/?api=1&query=Labkesda%20Kota%20Sukabumi"
86,"KLINIK JALUR FARMA","Health","Zona 1 (Baros/Jalur)","UNDER_5",0266210909,landline,4.5,826,"https://www.google.com/maps/search/?api=1&query=KLINIK%20JALUR%20FARMA%20Sukabumi"
87,"Kimia Farma Sukabumi","Health","Zona 4 (Jantung Kota)","UNDER_5",08111169730,mobile,3.7,176,"https://www.google.com/maps/search/?api=1&query=Kimia%20Farma%20Sukabumi"
88,"Laboratorium Klinik Vita Medika","Health","Zona 4 (Jantung Kota)","UNDER_5",08562041781,mobile,4.6,12,"https://www.google.com/maps/search/?api=1&query=Laboratorium%20Klinik%20Vita%20Medika%20Sukabumi"
89,"Primaya Hospital Sukabumi","Health","Zona 6 (Ekspedisi Wisata)","UNDER_5",,,4.7,1362,"https://www.google.com/maps/search/?api=1&query=Primaya%20Hospital%20Sukabumi"
90,"Klinik Pratama Jasalab","Health","Zona 4 (Jantung Kota)","UNDER_5",,,4.7,55,"https://www.google.com/maps/search/?api=1&query=Klinik%20Pratama%20Jasalab%20Sukabumi"
91,"praktik dokter keluarga dr kamal & dr dini","Health","Zona 4 (Jantung Kota)","UNDER_5",0895808892255,mobile,4.8,19,"https://www.google.com/maps/search/?api=1&query=praktik%20dokter%20keluarga%20dr%20kamal%20%26%20dr%20dini%20Sukabumi"
92,"Prodia Sukabumi","Health","Zona 1 (Baros/Jalur)","UNDER_5",,,4.8,99,"https://www.google.com/maps/search/?api=1&query=Prodia%20Sukabumi"
93,"Apotek Mitra Husada","Health","Zona 4 (Jantung Kota)","UNDER_5",081281173697,mobile,4.9,777,"https://www.google.com/maps/search/?api=1&query=Apotek%20Mitra%20Husada%20Sukabumi"
94,"KLINIK PRATAMA WALUYA SEJATI ABADI SUKABUMI","Health","Zona 1 (Baros/Jalur)","UNDER_5",081233000810,mobile,4.9,37,"https://www.google.com/maps/search/?api=1&query=KLINIK%20PRATAMA%20WALUYA%20SEJATI%20ABADI%20SUKABUMI"
95,"Klinik Holistic Natural Insani Sukabumi","Health","Zona 1 (Baros/Jalur)","UNDER_5",0895405669662,mobile,4.9,248,"https://www.google.com/maps/search/?api=1&query=Klinik%20Holistic%20Natural%20Insani%20Sukabumi"
96,"Bening's Clinic Sukabumi","Health","Zona 1 (Baros/Jalur)","UNDER_5",081290393636,mobile,4.9,141,"https://www.google.com/maps/search/?api=1&query=Bening's%20Clinic%20Sukabumi"
97,"Apotek Ciaul Sukabumi","Health","Zona 5 (Timur/Utara)","UNDER_5",081911901978,mobile,4.9,15,"https://www.google.com/maps/search/?api=1&query=Apotek%20Ciaul%20Sukabumi"
98,"Klinik Obat Dokter Amelia Di Sukabumi","Health","Zona 4 (Jantung Kota)","HIGH_LOW_REV",,,5,2,"https://www.google.com/maps/search/?api=1&query=Klinik%20Obat%20Dokter%20Amelia%20Di%20Sukabumi"
99,"KHITAN SUKABUMI CIPOHO MEDIKA","Health","Zona 1 (Baros/Jalur)","HIGH_LOW_REV",085723366647,mobile,5,94,"https://www.google.com/maps/search/?api=1&query=KHITAN%20SUKABUMI%20CIPOHO%20MEDIKA"
100,"APOTEK LARAS SUKABUMI","Health","Zona 3 (Pusat Selatan)","HIGH_LOW_REV",081563628494,mobile,5,142,"https://www.google.com/maps/search/?api=1&query=APOTEK%20LARAS%20SUKABUMI"
101,"Apotek Cikole Sukabumi","Health","Zona 4 (Jantung Kota)","HIGH_LOW_REV",085198673905,mobile,5,90,"https://www.google.com/maps/search/?api=1&query=Apotek%20Cikole%20Sukabumi"
102,"Ardin Teknik Sukabumi","Services","Zona 4 (Jantung Kota)","UNDER_5",081573506053,mobile,4.6,52,"https://www.google.com/maps/search/?api=1&query=Ardin%20Teknik%20Sukabumi"
103,"Lavandera Laundry","Services","Zona 3 (Pusat Selatan)","UNDER_5",02666220041,landline,4.7,169,"https://www.google.com/maps/search/?api=1&query=Lavandera%20Laundry%20Sukabumi"
104,"Lumire Laundry Sukabumi","Services","Zona 1 (Baros/Jalur)","UNDER_5",082310001701,mobile,4.9,181,"https://www.google.com/maps/search/?api=1&query=Lumire%20Laundry%20Sukabumi"
105,"SERVICE AC SUKABUMI SIGMA TECHNIQUE","Services","Zona 3 (Pusat Selatan)","UNDER_5",085861474745,mobile,4.9,161,"https://www.google.com/maps/search/?api=1&query=SERVICE%20AC%20SUKABUMI%20SIGMA%20TECHNIQUE"
106,"Buana Jaya Mandiri Ac 1","Services","Zona 2 (Cisaat/Cibadak)","UNDER_5",081280338322,mobile,4.9,288,"https://www.google.com/maps/search/?api=1&query=Buana%20Jaya%20Mandiri%20Ac%201%20Sukabumi"
107,"SERVICE KULKAS SUKABUMI","Services","Zona 4 (Jantung Kota)","UNDER_5",081563623888,mobile,4.9,100,"https://www.google.com/maps/search/?api=1&query=SERVICE%20KULKAS%20SUKABUMI"
108,"Service mesin cuci Sukabumi","Services","Zona 2 (Cisaat/Cibadak)","UNDER_5",081563623888,mobile,4.9,32,"https://www.google.com/maps/search/?api=1&query=Service%20mesin%20cuci%20Sukabumi"
109,"Amani Laundry Terdekat Sukabumi","Services","Zona 2 (Cisaat/Cibadak)","UNDER_5",085719273592,mobile,4.8,157,"https://www.google.com/maps/search/?api=1&query=Amani%20Laundry%20Terdekat%20Sukabumi"
110,"Sukabumi Laundry Cabang Cisaat","Services","Zona 2 (Cisaat/Cibadak)","HIGH_LOW_REV",085774060793,mobile,5,23,"https://www.google.com/maps/search/?api=1&query=Sukabumi%20Laundry%20Cabang%20Cisaat"
111,"AA LAUNDRY Sukabumi","Services","Zona 4 (Jantung Kota)","HIGH_LOW_REV",088223051997,mobile,5,104,"https://www.google.com/maps/search/?api=1&query=AA%20LAUNDRY%20Sukabumi"
112,"MEGA CEMERLANG SUKABUMI","Services","Zona 6 (Ekspedisi Wisata)","HIGH_LOW_REV",085215831236,mobile,5,5,"https://www.google.com/maps/search/?api=1&query=MEGA%20CEMERLANG%20SUKABUMI"
113,"Bersih.in WearCare Sukabumi","Services","Zona 1 (Baros/Jalur)","HIGH_LOW_REV",085187975225,mobile,5,221,"https://www.google.com/maps/search/?api=1&query=Bersih.in%20WearCare%20Sukabumi"
114,"ADAVA LAUNDRY Sukabumi","Services","Zona 1 (Baros/Jalur)","HIGH_LOW_REV",085759638151,mobile,5,96,"https://www.google.com/maps/search/?api=1&query=ADAVA%20LAUNDRY%20Sukabumi"
115,"SERVICE AC SUKABUMI Alteknik","Services","Zona 6 (Ekspedisi Wisata)","HIGH_LOW_REV",081383590065,mobile,5,8,"https://www.google.com/maps/search/?api=1&query=SERVICE%20AC%20SUKABUMI%20Alteknik"
116,"Utama teknik Sukabumi","Services","Zona 6 (Ekspedisi Wisata)","HIGH_LOW_REV",083834727229,mobile,5,12,"https://www.google.com/maps/search/?api=1&query=Utama%20teknik%20Sukabumi"
117,"BIAN SUMUR BOR SUKABUMI","Services","Zona 1 (Baros/Jalur)","HIGH_LOW_REV",085715183235,mobile,5,4,"https://www.google.com/maps/search/?api=1&query=BIAN%20SUMUR%20BOR%20SUKABUMI"
118,"Sumur Bor Sukabumi Pak Darmi","Services","Zona 1 (Baros/Jalur)","HIGH_LOW_REV",085798171996,mobile,5,24,"https://www.google.com/maps/search/?api=1&query=Sumur%20Bor%20Sukabumi%20Pak%20Darmi"
119,"Servis elektronik sukabumi","Services","Zona 1 (Baros/Jalur)","HIGH_LOW_REV",081563171152,mobile,5,1,"https://www.google.com/maps/search/?api=1&query=Servis%20elektronik%20sukabumi"
120,"VANSERVIS Sukabumi","Services","Zona 4 (Jantung Kota)","UNDER_5",0266233111,landline,4.6,139,"https://www.google.com/maps/search/?api=1&query=VANSERVIS%20Sukabumi"
121,"LJL SERVICE Sukabumi","Services","Zona 4 (Jantung Kota)","HIGH_LOW_REV",085891241001,mobile,5,8,"https://www.google.com/maps/search/?api=1&query=LJL%20SERVICE%20Sukabumi"
122,"Cambridge Institute Sukabumi","Education","Zona 3 (Pusat Selatan)","UNDER_5",,,4.4,21,"https://www.google.com/maps/search/?api=1&query=Cambridge%20Institute%20Sukabumi"
123,"Little Angels Learning Center Sukabumi","Education","Zona 4 (Jantung Kota)","UNDER_5",02667162388,landline,4.8,5,"https://www.google.com/maps/search/?api=1&query=Little%20Angels%20Learning%20Center%20Sukabumi"
124,"Tunas Permata Bangsa Sukabumi","Education","Zona 6 (Ekspedisi Wisata)","UNDER_5",085793658585,mobile,4.9,124,"https://www.google.com/maps/search/?api=1&query=Tunas%20Permata%20Bangsa%20Sukabumi"
125,"Bimbel ILC Sukabumi","Education","Zona 2 (Cisaat/Cibadak)","UNDER_5",085263208092,mobile,4.9,28,"https://www.google.com/maps/search/?api=1&query=Bimbel%20ILC%20Sukabumi"
126,"LPK GPB Sukabumi","Education","Zona 1 (Baros/Jalur)","UNDER_5",085798810002,mobile,4.9,254,"https://www.google.com/maps/search/?api=1&query=LPK%20GPB%20Sukabumi"
127,"Brain Academy Ruangguru Sukabumi","Education","Zona 3 (Pusat Selatan)","HIGH_LOW_REV",085215899714,mobile,5,45,"https://www.google.com/maps/search/?api=1&query=Brain%20Academy%20Ruangguru%20Sukabumi"
128,"Math Champs Sukabumi","Education","Zona 3 (Pusat Selatan)","HIGH_LOW_REV",081212229300,mobile,5,24,"https://www.google.com/maps/search/?api=1&query=Math%20Champs%20Sukabumi"
129,"Ganesha Operation Ra Kosasih Sukabumi","Education","Zona 5 (Timur/Utara)","HIGH_LOW_REV",08112386324,mobile,5,432,"https://www.google.com/maps/search/?api=1&query=Ganesha%20Operation%20Ra%20Kosasih%20Sukabumi"
130,"Ganesha Operation Syamsudin Sukabumi","Education","Zona 4 (Jantung Kota)","HIGH_LOW_REV",08112386323,mobile,5,529,"https://www.google.com/maps/search/?api=1&query=Ganesha%20Operation%20Syamsudin%20Sukabumi"
131,"LBB Nurul Fikri RA Kosasih Sukabumi","Education","Zona 5 (Timur/Utara)","HIGH_LOW_REV",085603925970,mobile,5,192,"https://www.google.com/maps/search/?api=1&query=LBB%20Nurul%20Fikri%20RA%20Kosasih%20Sukabumi"
132,"Bumi Kreatif Institute Sukabumi","Education","Zona 4 (Jantung Kota)","HIGH_LOW_REV",081563399429,mobile,5,1078,"https://www.google.com/maps/search/?api=1&query=Bumi%20Kreatif%20Institute%20Sukabumi"
133,"TPA KB TK Daruttaqwa Foundation Sukabumi","Education","Zona 4 (Jantung Kota)","HIGH_LOW_REV",085860669993,mobile,5,46,"https://www.google.com/maps/search/?api=1&query=TPA%20KB%20TK%20Daruttaqwa%20Foundation%20Sukabumi"
134,"bimba genio cibeureum Sukabumi","Education","Zona 6 (Ekspedisi Wisata)","HIGH_LOW_REV",083829829898,mobile,5,45,"https://www.google.com/maps/search/?api=1&query=bimba%20genio%20cibeureum%20Sukabumi"
135,"PlayWay Day Sukabumi","Education","Zona 1 (Baros/Jalur)","HIGH_LOW_REV",082219836661,mobile,5,30,"https://www.google.com/maps/search/?api=1&query=PlayWay%20Day%20Sukabumi"
136,"TKQ Gemilang Sukabumi","Education","Zona 4 (Jantung Kota)","HIGH_LOW_REV",089506194217,mobile,5,7,"https://www.google.com/maps/search/?api=1&query=TKQ%20Gemilang%20Sukabumi"
137,"Berdikari Expo Sukabumi","Retail","Zona 5 (Timur/Utara)","UNDER_5",085600000222,mobile,4.4,983,"https://www.google.com/maps/search/?api=1&query=Berdikari%20Expo%20Sukabumi"
138,"TB. Sumber Milik Sukabumi","Retail","Zona 1 (Baros/Jalur)","UNDER_5",087888881040,mobile,4.5,56,"https://www.google.com/maps/search/?api=1&query=TB.%20Sumber%20Milik%20Sukabumi"
139,"Mochi Kaswari Lampion Sukabumi","Retail","Zona 4 (Jantung Kota)","UNDER_5",08111122594,mobile,4.6,3584,"https://www.google.com/maps/search/?api=1&query=Mochi%20Kaswari%20Lampion%20Sukabumi"
140,"Pusat Jajanan Khas Sukabumi","Retail","Zona 4 (Jantung Kota)","UNDER_5",085720300055,mobile,4.6,55,"https://www.google.com/maps/search/?api=1&query=Pusat%20Jajanan%20Khas%20Sukabumi"
141,"Toko Bangunan Baros Jaya Sukabumi","Retail","Zona 1 (Baros/Jalur)","UNDER_5",,,4.6,80,"https://www.google.com/maps/search/?api=1&query=Toko%20Bangunan%20Baros%20Jaya%20Sukabumi"
142,"Bika Ambon Sunda Rasa Sukabumi","Retail","Zona 4 (Jantung Kota)","UNDER_5",0266231540,landline,4.7,339,"https://www.google.com/maps/search/?api=1&query=Bika%20Ambon%20Sunda%20Rasa%20Sukabumi"
143,"Kelana Oleh-oleh Sukabumi","Retail","Zona 4 (Jantung Kota)","UNDER_5",,,4.7,10,"https://www.google.com/maps/search/?api=1&query=Kelana%20Oleh-oleh%20Sukabumi"
144,"Zahra Pet Shop & Grooming Sukabumi","Pet & Hewan","Zona 4 (Jantung Kota)","UNDER_5",087820899599,mobile,4.7,255,"https://www.google.com/maps/search/?api=1&query=Zahra%20Pet%20Shop%20%26%20Grooming%20Sukabumi"
145,"RG Petshop & GROOMING Sukabumi","Pet & Hewan","Zona 1 (Baros/Jalur)","UNDER_5",08991436888,mobile,4.7,169,"https://www.google.com/maps/search/?api=1&query=RG%20Petshop%20%26%20GROOMING%20Sukabumi"
146,"Kamo Petshop Sukabumi","Pet & Hewan","Zona 4 (Jantung Kota)","UNDER_5",089673378345,mobile,4.7,335,"https://www.google.com/maps/search/?api=1&query=Kamo%20Petshop%20Sukabumi"
147,"SUKABUMI HOME CENTER","Retail","Zona 5 (Timur/Utara)","UNDER_5",085721798176,mobile,4.7,110,"https://www.google.com/maps/search/?api=1&query=SUKABUMI%20HOME%20CENTER"
148,"Jansen Petshop Sukabumi","Pet & Hewan","Zona 1 (Baros/Jalur)","UNDER_5",081224139192,mobile,4.8,69,"https://www.google.com/maps/search/?api=1&query=Jansen%20Petshop%20Sukabumi"
149,"RKM Sukabumi","Retail","Zona 2 (Cisaat/Cibadak)","UNDER_5",08112211016,mobile,4.9,793,"https://www.google.com/maps/search/?api=1&query=RKM%20Sukabumi"
150,"Rumah Puding Premium Sukabumi","Retail","Zona 4 (Jantung Kota)","UNDER_5",085864005100,mobile,4.9,171,"https://www.google.com/maps/search/?api=1&query=Rumah%20Puding%20Premium%20Sukabumi"
151,"Nori's Florist Sukabumi","Retail","Zona 5 (Timur/Utara)","HIGH_LOW_REV",081779441245,mobile,5,131,"https://www.google.com/maps/search/?api=1&query=Nori's%20Florist%20Sukabumi"
152,"Sukabumi Ratu Florist","Retail","Zona 1 (Baros/Jalur)","HIGH_LOW_REV",085774058845,mobile,5,38,"https://www.google.com/maps/search/?api=1&query=Sukabumi%20Ratu%20Florist"
153,"Florist Sukabumi","Retail","Zona 3 (Pusat Selatan)","UNDER_5",081779441245,mobile,4.9,27,"https://www.google.com/maps/search/?api=1&query=Florist%20Sukabumi"
154,"Keler Bouquet Sukabumi","Retail","Zona 2 (Cisaat/Cibadak)","HIGH_LOW_REV",089637546144,mobile,5,365,"https://www.google.com/maps/search/?api=1&query=Keler%20Bouquet%20Sukabumi"
155,"Incrediblemoment florist sukabumi","Retail","Zona 3 (Pusat Selatan)","HIGH_LOW_REV",08381015846,mobile,5,17,"https://www.google.com/maps/search/?api=1&query=Incrediblemoment%20florist%20sukabumi"
156,"Millan Petshop Sukabumi","Pet & Hewan","Zona 4 (Jantung Kota)","HIGH_LOW_REV",089519201920,mobile,5,31,"https://www.google.com/maps/search/?api=1&query=Millan%20Petshop%20Sukabumi"
157,"HAI STUDIOS Sukabumi","Foto & Kamera","Zona 5 (Timur/Utara)","UNDER_5",0816279750,mobile,4.5,342,"https://www.google.com/maps/search/?api=1&query=HAI%20STUDIOS%20Sukabumi"
158,"Disini Aja Studio Sukabumi","Foto & Kamera","Zona 1 (Baros/Jalur)","UNDER_5",,,4.5,295,"https://www.google.com/maps/search/?api=1&query=Disini%20Aja%20Studio%20Sukabumi"
159,"IMAJI FOTO STUDIO SUKABUMI","Foto & Kamera","Zona 4 (Jantung Kota)","UNDER_5",08111177225,mobile,4.6,1065,"https://www.google.com/maps/search/?api=1&query=IMAJI%20FOTO%20STUDIO%20SUKABUMI"
160,"Azkana Wedding Dekorasi Sukabumi","Event","Zona 1 (Baros/Jalur)","UNDER_5",085210120080,mobile,4.7,14,"https://www.google.com/maps/search/?api=1&query=Azkana%20Wedding%20Dekorasi%20Sukabumi"
161,"GMS Tour and Travel Sukabumi","Event","Zona 4 (Jantung Kota)","UNDER_5",081315003942,mobile,4.8,49,"https://www.google.com/maps/search/?api=1&query=GMS%20Tour%20and%20Travel%20Sukabumi"
162,"Wedding Planner Sukabumi","Event","Zona 1 (Baros/Jalur)","UNDER_5",087844546379,mobile,4.9,22,"https://www.google.com/maps/search/?api=1&query=Wedding%20Planner%20Sukabumi"
163,"JAKA WEDDING ORGANIZER Sukabumi","Event","Zona 2 (Cisaat/Cibadak)","UNDER_5",085797130796,mobile,4.9,35,"https://www.google.com/maps/search/?api=1&query=JAKA%20WEDDING%20ORGANIZER%20Sukabumi"
164,"Licht Studio Sukabumi","Foto & Kamera","Zona 1 (Baros/Jalur)","UNDER_5",085174432305,mobile,4.9,220,"https://www.google.com/maps/search/?api=1&query=Licht%20Studio%20Sukabumi"
165,"Khei Wedding Organizer Sukabumi","Event","Zona 4 (Jantung Kota)","HIGH_LOW_REV",082310900100,mobile,5,2,"https://www.google.com/maps/search/?api=1&query=Khei%20Wedding%20Organizer%20Sukabumi"
166,"Affay Project Sukabumi","Event","Zona 4 (Jantung Kota)","HIGH_LOW_REV",081285960220,mobile,5,5,"https://www.google.com/maps/search/?api=1&query=Affay%20Project%20Sukabumi"
167,"Gosimplywedding Office 1 Sukabumi","Event","Zona 4 (Jantung Kota)","HIGH_LOW_REV",081311566060,mobile,5,114,"https://www.google.com/maps/search/?api=1&query=Gosimplywedding%20Office%201%20Sukabumi"
168,"Reality Event Organizer Sukabumi","Event","Zona 5 (Timur/Utara)","HIGH_LOW_REV",085794048015,mobile,5,2,"https://www.google.com/maps/search/?api=1&query=Reality%20Event%20Organizer%20Sukabumi"
169,"PRIMA WO Sukabumi","Event","Zona 2 (Cisaat/Cibadak)","HIGH_LOW_REV",085314455170,mobile,5,4,"https://www.google.com/maps/search/?api=1&query=PRIMA%20WO%20Sukabumi"
170,"Lensa Entertainment Sukabumi","Event","Zona 4 (Jantung Kota)","HIGH_LOW_REV",085846138137,mobile,5,1,"https://www.google.com/maps/search/?api=1&query=Lensa%20Entertainment%20Sukabumi"
171,"Yunas Studio Sukabumi","Foto & Kamera","Zona 1 (Baros/Jalur)","HIGH_LOW_REV",081235063247,mobile,5,914,"https://www.google.com/maps/search/?api=1&query=Yunas%20Studio%20Sukabumi"
172,"Moophoto Photobooth Studio Baros Sukabumi","Foto & Kamera","Zona 5 (Timur/Utara)","HIGH_LOW_REV",085722948500,mobile,5,10,"https://www.google.com/maps/search/?api=1&query=Moophoto%20Photobooth%20Studio%20Baros%20Sukabumi"
173,"Fauna photography Sukabumi","Foto & Kamera","Zona 4 (Jantung Kota)","HIGH_LOW_REV",087882987413,mobile,5,10,"https://www.google.com/maps/search/?api=1&query=Fauna%20photography%20Sukabumi"
174,"Lawa Creative Studio Sukabumi","Foto & Kamera","Zona 1 (Baros/Jalur)","HIGH_LOW_REV",08973301000,mobile,5,14,"https://www.google.com/maps/search/?api=1&query=Lawa%20Creative%20Studio%20Sukabumi"
175,"Milkyverse Ramayana Sukabumi","Tourism","Zona 6 (Ekspedisi Wisata)","UNDER_5",088210796294,mobile,4,32,"https://www.google.com/maps/search/?api=1&query=Milkyverse%20Ramayana%20Sukabumi"
176,"Dinopark Sukabumi","Tourism","Zona 6 (Ekspedisi Wisata)","UNDER_5",,,4.1,64,"https://www.google.com/maps/search/?api=1&query=Dinopark%20Sukabumi"
177,"SantaSea Water Theme Park Sukabumi","Tourism","Zona 6 (Ekspedisi Wisata)","UNDER_5",02666223023,landline,4.2,3804,"https://www.google.com/maps/search/?api=1&query=SantaSea%20Water%20Theme%20Park%20Sukabumi"
178,"Story Land Sukabumi","Tourism","Zona 4 (Jantung Kota)","UNDER_5",,,4.4,27,"https://www.google.com/maps/search/?api=1&query=Story%20Land%20Sukabumi"
179,"Sport Garden Sukabumi","Tourism","Zona 1 (Baros/Jalur)","UNDER_5",085280023782,mobile,4.4,1186,"https://www.google.com/maps/search/?api=1&query=Sport%20Garden%20Sukabumi"
180,"Ryzzy Azzahra Waterpark Sukabumi","Tourism","Zona 5 (Timur/Utara)","UNDER_5",08997469322,mobile,4.4,3104,"https://www.google.com/maps/search/?api=1&query=Ryzzy%20Azzahra%20Waterpark%20Sukabumi"
181,"Kolam Renang Pilar Mas Sukabumi","Tourism","Zona 6 (Ekspedisi Wisata)","UNDER_5",085797810150,mobile,4.5,369,"https://www.google.com/maps/search/?api=1&query=Kolam%20Renang%20Pilar%20Mas%20Sukabumi"
182,"CAMPING GROUND BATUTAPAK Sukabumi","Tourism","Zona 6 (Ekspedisi Wisata)","UNDER_5",087780725576,mobile,4.5,835,"https://www.google.com/maps/search/?api=1&query=CAMPING%20GROUND%20BATUTAPAK%20Sukabumi"
183,"De' Tani Waterpark Sukabumi","Tourism","Zona 6 (Ekspedisi Wisata)","UNDER_5",081911880088,mobile,4.6,429,"https://www.google.com/maps/search/?api=1&query=De'%20Tani%20Waterpark%20Sukabumi"
184,"Happy House Playground&cafe Sukabumi","Tourism","Zona 4 (Jantung Kota)","UNDER_5",085720616260,mobile,4.6,27,"https://www.google.com/maps/search/?api=1&query=Happy%20House%20Playground%26cafe%20Sukabumi"
185,"Kids story cibadak","Tourism","Zona 2 (Cisaat/Cibadak)","UNDER_5",081563217032,mobile,4.6,59,"https://www.google.com/maps/search/?api=1&query=Kids%20story%20cibadak"
186,"Cidahu Camping Ground","Tourism","Zona 6 (Ekspedisi Wisata)","UNDER_5",085624326964,mobile,4.6,1806,"https://www.google.com/maps/search/?api=1&query=Cidahu%20Camping%20Ground"
187,"CAMPING GROUND SITUGUNUNG","Tourism","Zona 6 (Ekspedisi Wisata)","UNDER_5",081298661853,mobile,4.6,3206,"https://www.google.com/maps/search/?api=1&query=CAMPING%20GROUND%20SITUGUNUNG"
188,"Tanakita 5 Star Camp Sukabumi","Tourism","Zona 6 (Ekspedisi Wisata)","UNDER_5",087820631452,mobile,4.7,1242,"https://www.google.com/maps/search/?api=1&query=Tanakita%205%20Star%20Camp%20Sukabumi"
189,"Cidahu Camping Ground Lembah Damar","Tourism","Zona 6 (Ekspedisi Wisata)","UNDER_5",085797019515,mobile,4.7,556,"https://www.google.com/maps/search/?api=1&query=Cidahu%20Camping%20Ground%20Lembah%20Damar"
190,"Digicom","Electronics","Zona 4 (Jantung Kota)","UNDER_5",,,4.5,0,"https://www.google.com/maps/search/?api=1&query=Digicom%20sukabumi"
191,"Sentral Komputer Sukabumi","Electronics","Zona 4 (Jantung Kota)","HIGH_LOW_REV",,,5,777,"https://www.google.com/maps/search/?api=1&query=Sentral%20Komputer%20Sukabumi"
192,"RNY Computer","Electronics","Zona 4 (Jantung Kota)","UNDER_5",,,4.5,779,"https://www.google.com/maps/search/?api=1&query=RNY%20Computer%20sukabumi"
193,"Bestlaptop.id (Jual-Beli Komputer dan Laptop, Service, Sparepart, Aksesoris) Sukabumi","Electronics","Zona 2 (Cisaat/Cibadak)","UNDER_5",,,4.9,527,"https://www.google.com/maps/search/?api=1&query=Bestlaptop.id%20(Jual-Beli%20Komputer%20dan%20Laptop%2C%20Service%2C%20Sparepart%2C%20Aksesoris)%20Sukabumi"
194,"Multitech Computer","Electronics","Zona 4 (Jantung Kota)","UNDER_5",,,4.3,96,"https://www.google.com/maps/search/?api=1&query=Multitech%20Computer%20sukabumi"
195,"AGRES ID & FONE SUKABUMI 02","Electronics","Zona 4 (Jantung Kota)","HIGH_LOW_REV",,,5,396,"https://www.google.com/maps/search/?api=1&query=AGRES%20ID%20%26%20FONE%20SUKABUMI%2002"
196,"Media Computer Cisaat Sukabumi","Electronics","Zona 2 (Cisaat/Cibadak)","UNDER_5",,,4.5,70,"https://www.google.com/maps/search/?api=1&query=Media%20Computer%20Cisaat%20Sukabumi"
197,"SIMASTEL","Electronics","Zona 4 (Jantung Kota)","UNDER_5",,,4.4,1239,"https://www.google.com/maps/search/?api=1&query=SIMASTEL%20sukabumi"
198,"Erafone Sukabumi","Electronics","Zona 4 (Jantung Kota)","UNDER_5",,,4.8,349,"https://www.google.com/maps/search/?api=1&query=Erafone%20Sukabumi"
199,"Gadget Boss id","Electronics","Zona 1 (Baros/Jalur)","UNDER_5",,,4.8,206,"https://www.google.com/maps/search/?api=1&query=Gadget%20Boss%20id%20sukabumi"
200,"DIOCELL","Electronics","Zona 5 (Timur/Utara)","HIGH_LOW_REV",,,5,1278,"https://www.google.com/maps/search/?api=1&query=DIOCELL%20sukabumi"
201,"Rintel (Phone Service)","Electronics","Zona 5 (Timur/Utara)","UNDER_5",,,4.9,651,"https://www.google.com/maps/search/?api=1&query=Rintel%20(Phone%20Service)%20sukabumi"
202,"Quantum Ponsel - Toko Sparepart & Service HP Sukabumi","Electronics","Zona 5 (Timur/Utara)","UNDER_5",,,4.4,367,"https://www.google.com/maps/search/?api=1&query=Quantum%20Ponsel%20-%20Toko%20Sparepart%20%26%20Service%20HP%20Sukabumi"
203,"Halife Store","Electronics","Zona 1 (Baros/Jalur)","UNDER_5",,,4.7,187,"https://www.google.com/maps/search/?api=1&query=Halife%20Store%20sukabumi"
204,"Service Komputer dan Laptop Sukabumi","Electronics","Zona 5 (Timur/Utara)","UNDER_5",,,4.9,28,"https://www.google.com/maps/search/?api=1&query=Service%20Komputer%20dan%20Laptop%20Sukabumi"
205,"Acenkcom","Electronics","Zona 3 (Pusat Selatan)","UNDER_5",,,4.9,134,"https://www.google.com/maps/search/?api=1&query=Acenkcom%20sukabumi"
206,"Bestservice.id (Service Laptop dan Komputer Sukabumi)","Electronics","Zona 2 (Cisaat/Cibadak)","HIGH_LOW_REV",,,5,269,"https://www.google.com/maps/search/?api=1&query=Bestservice.id%20(Service%20Laptop%20dan%20Komputer%20Sukabumi)"
207,"AGS Computer Jual beli service laptop komputer dan handphone sukabumi","Electronics","Zona 2 (Cisaat/Cibadak)","UNDER_5",,,4.8,93,"https://www.google.com/maps/search/?api=1&query=AGS%20Computer%20Jual%20beli%20service%20laptop%20komputer%20dan%20handphone%20sukabumi"
208,"Robinson elektronik sukabumi","Electronics","Zona 4 (Jantung Kota)","HIGH_LOW_REV",,,5,2732,"https://www.google.com/maps/search/?api=1&query=Robinson%20elektronik%20sukabumi"
209,"Electronic Square","Electronics","Zona 1 (Baros/Jalur)","UNDER_5",,,4.7,764,"https://www.google.com/maps/search/?api=1&query=Electronic%20Square%20sukabumi"
210,"Planet Elektronik","Electronics","Zona 4 (Jantung Kota)","HIGH_LOW_REV",,,5,2412,"https://www.google.com/maps/search/?api=1&query=Planet%20Elektronik%20sukabumi"
211,"Varia Elektronik","Electronics","Zona 1 (Baros/Jalur)","UNDER_5",,,4.8,200,"https://www.google.com/maps/search/?api=1&query=Varia%20Elektronik%20sukabumi"
212,"Odeon Elektronik Toko","Electronics","Zona 1 (Baros/Jalur)","UNDER_5",,,4.4,186,"https://www.google.com/maps/search/?api=1&query=Odeon%20Elektronik%20Toko%20sukabumi"
213,"Obey Electronic","Electronics","Zona 1 (Baros/Jalur)","UNDER_5",,,4.9,145,"https://www.google.com/maps/search/?api=1&query=Obey%20Electronic%20sukabumi"
214,"OXO Warehouse Tipar","Electronics","Zona 1 (Baros/Jalur)","HIGH_LOW_REV",,,5,694,"https://www.google.com/maps/search/?api=1&query=OXO%20Warehouse%20Tipar%20sukabumi"
215,"Oke Print Sukabumi","Percetakan","Zona 4 (Jantung Kota)","UNDER_5",,,4.6,727,"https://www.google.com/maps/search/?api=1&query=Oke%20Print%20Sukabumi"
216,"Jatrista Digital Printing","Percetakan","Zona 1 (Baros/Jalur)","UNDER_5",,,4.6,237,"https://www.google.com/maps/search/?api=1&query=Jatrista%20Digital%20Printing%20sukabumi"
217,"copy paste digital printing sukabumi","Percetakan","Zona 2 (Cisaat/Cibadak)","UNDER_5",,,4.6,312,"https://www.google.com/maps/search/?api=1&query=copy%20paste%20digital%20printing%20sukabumi"
218,"Pandawaprint sukabumi","Percetakan","Zona 2 (Cisaat/Cibadak)","UNDER_5",,,4.7,39,"https://www.google.com/maps/search/?api=1&query=Pandawaprint%20sukabumi"
219,"PRINTMAX - Digital Printing Sukabumi","Percetakan","Zona 4 (Jantung Kota)","HIGH_LOW_REV",,,5,112,"https://www.google.com/maps/search/?api=1&query=PRINTMAX%20-%20Digital%20Printing%20Sukabumi"
220,"Universal Printing","Percetakan","Zona 1 (Baros/Jalur)","UNDER_5",,,4.4,71,"https://www.google.com/maps/search/?api=1&query=Universal%20Printing%20sukabumi"
221,"Hikmah Grafika Barokah","Percetakan","Zona 5 (Timur/Utara)","UNDER_5",,,4.5,136,"https://www.google.com/maps/search/?api=1&query=Hikmah%20Grafika%20Barokah%20sukabumi"
222,"YUDHIS PRINTING & APPAREL","Percetakan","Zona 5 (Timur/Utara)","HIGH_LOW_REV",,,5,143,"https://www.google.com/maps/search/?api=1&query=YUDHIS%20PRINTING%20%26%20APPAREL%20sukabumi"
223,"Intipromo","Percetakan","Zona 4 (Jantung Kota)","UNDER_5",,,4.4,156,"https://www.google.com/maps/search/?api=1&query=Intipromo%20sukabumi"
224,"Agis Printing","Percetakan","Zona 4 (Jantung Kota)","UNDER_5",,,4.1,71,"https://www.google.com/maps/search/?api=1&query=Agis%20Printing%20sukabumi"
225,"Percetakan D' Prints (Digital Printing)","Percetakan","Zona 1 (Baros/Jalur)","UNDER_5",,,4.5,11,"https://www.google.com/maps/search/?api=1&query=Percetakan%20D'%20Prints%20(Digital%20Printing)%20sukabumi"
226,"CR DIGITAL PRINTING (CRSTORE)","Percetakan","Zona 1 (Baros/Jalur)","UNDER_5",,,4.8,109,"https://www.google.com/maps/search/?api=1&query=CR%20DIGITAL%20PRINTING%20(CRSTORE)%20sukabumi"
227,"Cititex Siliwangi Sukabumi (Kaos Polos dan Sablon Satuan - Partai Besar)","Percetakan","Zona 4 (Jantung Kota)","UNDER_5",,,4.9,483,"https://www.google.com/maps/search/?api=1&query=Cititex%20Siliwangi%20Sukabumi%20(Kaos%20Polos%20dan%20Sablon%20Satuan%20-%20Partai%20Besar)"
228,"HARMONY INDUSTRIES","Percetakan","Zona 1 (Baros/Jalur)","UNDER_5",,,4.9,62,"https://www.google.com/maps/search/?api=1&query=HARMONY%20INDUSTRIES%20sukabumi"
229,"Alta Konveksi sukabumi Sablon sukabumi","Percetakan","Zona 1 (Baros/Jalur)","HIGH_LOW_REV",,,5,26,"https://www.google.com/maps/search/?api=1&query=Alta%20Konveksi%20sukabumi%20Sablon%20sukabumi"
230,"Konveksi Sablon Amistiker Sukabumi","Percetakan","Zona 2 (Cisaat/Cibadak)","UNDER_5",,,4.7,15,"https://www.google.com/maps/search/?api=1&query=Konveksi%20Sablon%20Amistiker%20Sukabumi"
231,"ZEN SABLON & KONFEKSI","Percetakan","Zona 1 (Baros/Jalur)","HIGH_LOW_REV",,,5,14,"https://www.google.com/maps/search/?api=1&query=ZEN%20SABLON%20%26%20KONFEKSI%20sukabumi"
232,"ZISABLON STUDIO","Percetakan","Zona 1 (Baros/Jalur)","HIGH_LOW_REV",,,5,3,"https://www.google.com/maps/search/?api=1&query=ZISABLON%20STUDIO%20sukabumi"
233,"Konveksi Sablon Sukabumi","Percetakan","Zona 3 (Pusat Selatan)","HIGH_LOW_REV",,,5,43,"https://www.google.com/maps/search/?api=1&query=Konveksi%20Sablon%20Sukabumi"
234,"Pusat Neon Box Sukabumi Tercepat dan Termurah | SIGNUMI |","Percetakan","Zona 5 (Timur/Utara)","HIGH_LOW_REV",,,5,54,"https://www.google.com/maps/search/?api=1&query=Pusat%20Neon%20Box%20Sukabumi%20Tercepat%20dan%20Termurah%20%7C%20SIGNUMI%20%7C"
235,"TUKANG NEONBOX DAN REKLAME SUKABUMI","Percetakan","Zona 3 (Pusat Selatan)","HIGH_LOW_REV",,,5,13,"https://www.google.com/maps/search/?api=1&query=TUKANG%20NEONBOX%20DAN%20REKLAME%20SUKABUMI"
236,"Jasa buat neon box sukabumi ( buat papan logo neon, lampu papan nama untuk toko atau ruko)","Percetakan","Zona 3 (Pusat Selatan)","HIGH_LOW_REV",,,5,7,"https://www.google.com/maps/search/?api=1&query=Jasa%20buat%20neon%20box%20sukabumi%20(%20buat%20papan%20logo%20neon%2C%20lampu%20papan%20nama%20untuk%20toko%20atau%20ruko)"
237,"UdayDistro","Fashion","Zona 1 (Baros/Jalur)","UNDER_5",,,4.7,21,"https://www.google.com/maps/search/?api=1&query=UdayDistro%20sukabumi"
238,"ROUGHREBEL STORE SUKABUMI","Fashion","Zona 1 (Baros/Jalur)","UNDER_5",,,4.6,60,"https://www.google.com/maps/search/?api=1&query=ROUGHREBEL%20STORE%20SUKABUMI"
239,"Distro Skaters","Fashion","Zona 4 (Jantung Kota)","UNDER_5",,,4.5,27,"https://www.google.com/maps/search/?api=1&query=Distro%20Skaters%20sukabumi"
240,"Grosir Distro Bandung","Fashion","Zona 1 (Baros/Jalur)","UNDER_5",,,4.4,14,"https://www.google.com/maps/search/?api=1&query=Grosir%20Distro%20Bandung%20sukabumi"
241,"Mars","Fashion","Zona 4 (Jantung Kota)","UNDER_5",,,4.6,47,"https://www.google.com/maps/search/?api=1&query=Mars%20sukabumi"
242,"Distro trusted merch","Fashion","Zona 1 (Baros/Jalur)","HIGH_LOW_REV",,,5,1,"https://www.google.com/maps/search/?api=1&query=Distro%20trusted%20merch%20sukabumi"
243,"Addictive Skateshop & Clothing reja","Fashion","Zona 4 (Jantung Kota)","UNDER_5",,,4.4,128,"https://www.google.com/maps/search/?api=1&query=Addictive%20Skateshop%20%26%20Clothing%20reja%20sukabumi"
244,"ALJABAR KONVEKSI","Fashion","Zona 4 (Jantung Kota)","UNDER_5",,,4.8,68,"https://www.google.com/maps/search/?api=1&query=ALJABAR%20KONVEKSI%20sukabumi"
245,"Konveksi & Sablon Sukabumi | Sukabumian","Fashion","Zona 2 (Cisaat/Cibadak)","HIGH_LOW_REV",,,5,28,"https://www.google.com/maps/search/?api=1&query=Konveksi%20%26%20Sablon%20Sukabumi%20%7C%20Sukabumian"
246,"Syafiq Jaya Konveksi","Fashion","Zona 1 (Baros/Jalur)","HIGH_LOW_REV",,,5,13,"https://www.google.com/maps/search/?api=1&query=Syafiq%20Jaya%20Konveksi%20sukabumi"
247,"Husna Boutique","Fashion","Zona 4 (Jantung Kota)","UNDER_5",,,4.9,57,"https://www.google.com/maps/search/?api=1&query=Husna%20Boutique%20sukabumi"
248,"Seply sukabumi","Fashion","Zona 4 (Jantung Kota)","HIGH_LOW_REV",,,5,125,"https://www.google.com/maps/search/?api=1&query=Seply%20sukabumi"
249,"Sabillah Fashion","Fashion","Zona 3 (Pusat Selatan)","UNDER_5",,,4.9,94,"https://www.google.com/maps/search/?api=1&query=Sabillah%20Fashion%20sukabumi"
250,"Alvire & Co","Fashion","Zona 4 (Jantung Kota)","UNDER_5",,,3.6,5,"https://www.google.com/maps/search/?api=1&query=Alvire%20%26%20Co%20sukabumi"
251,"N2N Sukabumi","Fashion","Zona 4 (Jantung Kota)","HIGH_LOW_REV",,,5,18,"https://www.google.com/maps/search/?api=1&query=N2N%20Sukabumi"
252,"ZOYA","Fashion","Zona 4 (Jantung Kota)","UNDER_5",,,4.5,95,"https://www.google.com/maps/search/?api=1&query=ZOYA%20sukabumi"
253,"Wansu Store","Fashion","Zona 5 (Timur/Utara)","UNDER_5",,,4.6,351,"https://www.google.com/maps/search/?api=1&query=Wansu%20Store%20sukabumi"
254,"House of Donatello","F&B","Zona 4 (Jantung Kota)","UNDER_5",,,4.7,657,"https://www.google.com/maps/search/?api=1&query=House%20of%20Donatello%20sukabumi"
255,"Toko Sinar Terang Sukabumi","Fashion","Zona 4 (Jantung Kota)","UNDER_5",,,4.3,75,"https://www.google.com/maps/search/?api=1&query=Toko%20Sinar%20Terang%20Sukabumi"
256,"RANK Sports Sukabumi","Fashion","Zona 4 (Jantung Kota)","HIGH_LOW_REV",,,5,1952,"https://www.google.com/maps/search/?api=1&query=RANK%20Sports%20Sukabumi"
257,"Toko Sepatu Gs D/h Grand Shoes","Fashion","Zona 4 (Jantung Kota)","UNDER_5",,,4.5,34,"https://www.google.com/maps/search/?api=1&query=Toko%20Sepatu%20Gs%20D%2Fh%20Grand%20Shoes%20sukabumi"
258,"Garage shoes sukabumi","Fashion","Zona 1 (Baros/Jalur)","HIGH_LOW_REV",,,5,26,"https://www.google.com/maps/search/?api=1&query=Garage%20shoes%20sukabumi"
259,"Toko Sepatu Sinar Sukabumi","Fashion","Zona 4 (Jantung Kota)","UNDER_5",,,4,5,"https://www.google.com/maps/search/?api=1&query=Toko%20Sepatu%20Sinar%20Sukabumi"
260,"Tani Raya Poultry Shop","Agrikultur","Zona 6 (Ekspedisi Wisata)","UNDER_5",,,4.7,23,"https://www.google.com/maps/search/?api=1&query=Tani%20Raya%20Poultry%20Shop%20sukabumi"
261,"Jual pakan hewan dan burung","Pet & Hewan","Zona 1 (Baros/Jalur)","HIGH_LOW_REV",,,5,1,"https://www.google.com/maps/search/?api=1&query=Jual%20pakan%20hewan%20dan%20burung%20sukabumi"
262,"KIOS PAKAN BERKAH JAYA","Pet & Hewan","Zona 1 (Baros/Jalur)","HIGH_LOW_REV",,,5,3,"https://www.google.com/maps/search/?api=1&query=KIOS%20PAKAN%20BERKAH%20JAYA%20sukabumi"
263,"Hidayat pakan","Pet & Hewan","Zona 1 (Baros/Jalur)","HIGH_LOW_REV",,,5,1,"https://www.google.com/maps/search/?api=1&query=Hidayat%20pakan%20sukabumi"
264,"PD.CAHAYA MUKTI","Agrikultur","Zona 5 (Timur/Utara)","UNDER_5",,,4.7,38,"https://www.google.com/maps/search/?api=1&query=PD.CAHAYA%20MUKTI%20sukabumi"
265,"Kios Pupuk Sugih Tani (pengecer Resmi PT. Pupuk Kujang)","Agrikultur","Zona 1 (Baros/Jalur)","UNDER_5",,,4.9,16,"https://www.google.com/maps/search/?api=1&query=Kios%20Pupuk%20Sugih%20Tani%20(pengecer%20Resmi%20PT.%20Pupuk%20Kujang)%20sukabumi"
266,"Revolusi Tani mandiri / (teguh jaya tani)","Agrikultur","Zona 1 (Baros/Jalur)","UNDER_5",,,4.5,27,"https://www.google.com/maps/search/?api=1&query=Revolusi%20Tani%20mandiri%20%2F%20(teguh%20jaya%20tani)%20sukabumi"
267,"SYAFAAT TANI (Kios Pertanian )","Agrikultur","Zona 5 (Timur/Utara)","HIGH_LOW_REV",,,5,5,"https://www.google.com/maps/search/?api=1&query=SYAFAAT%20TANI%20(Kios%20Pertanian%20)%20sukabumi"
268,"Toko Pertanian Tani Sejahtera","Agrikultur","Zona 6 (Ekspedisi Wisata)","UNDER_5",,,4.9,12,"https://www.google.com/maps/search/?api=1&query=Toko%20Pertanian%20Tani%20Sejahtera%20sukabumi"
269,"Wijaya Diesel","Agrikultur","Zona 4 (Jantung Kota)","UNDER_5",,,4.5,111,"https://www.google.com/maps/search/?api=1&query=Wijaya%20Diesel%20sukabumi"
270,"Prima Jaya Tani","Agrikultur","Zona 2 (Cisaat/Cibadak)","HIGH_LOW_REV",,,5,3,"https://www.google.com/maps/search/?api=1&query=Prima%20Jaya%20Tani%20sukabumi"
271,"Kamo Petshop dan Kamo klinik Hewan Surya Kencana","Pet & Hewan","Zona 4 (Jantung Kota)","UNDER_5",,,4.7,335,"https://www.google.com/maps/search/?api=1&query=Kamo%20Petshop%20dan%20Kamo%20klinik%20Hewan%20Surya%20Kencana%20sukabumi"
272,"Sebiru Biru Pet & Poultry Shop","Pet & Hewan","Zona 6 (Ekspedisi Wisata)","HIGH_LOW_REV",,,5,9,"https://www.google.com/maps/search/?api=1&query=Sebiru%20Biru%20Pet%20%26%20Poultry%20Shop%20sukabumi"
273,"Klinik Hewan Sukabumi (Ryvet)","Pet & Hewan","Zona 1 (Baros/Jalur)","UNDER_5",,,4.7,69,"https://www.google.com/maps/search/?api=1&query=Klinik%20Hewan%20Sukabumi%20(Ryvet)"
274,"Pembibitan Tanah Muda Sukabumi","Agrikultur","Zona 2 (Cisaat/Cibadak)","UNDER_5",,,4.7,18,"https://www.google.com/maps/search/?api=1&query=Pembibitan%20Tanah%20Muda%20Sukabumi"
275,"Toko Sepeda Family Sukabumi","Olahraga","Zona 4 (Jantung Kota)","UNDER_5",,,4.8,170,"https://www.google.com/maps/search/?api=1&query=Toko%20Sepeda%20Family%20Sukabumi"
276,"Rodalink Sukabumi","Olahraga","Zona 1 (Baros/Jalur)","UNDER_5",,,4.9,439,"https://www.google.com/maps/search/?api=1&query=Rodalink%20Sukabumi"
277,"Toko Sepeda Deli Baru","Olahraga","Zona 4 (Jantung Kota)","UNDER_5",,,4.4,51,"https://www.google.com/maps/search/?api=1&query=Toko%20Sepeda%20Deli%20Baru%20sukabumi"
278,"Toko Sepeda Mitra Jaya","Olahraga","Zona 4 (Jantung Kota)","UNDER_5",,,4.8,11,"https://www.google.com/maps/search/?api=1&query=Toko%20Sepeda%20Mitra%20Jaya%20sukabumi"
279,"Toko Sepeda Bintang Terang 2","Olahraga","Zona 4 (Jantung Kota)","UNDER_5",,,4,12,"https://www.google.com/maps/search/?api=1&query=Toko%20Sepeda%20Bintang%20Terang%202%20sukabumi"
280,"Bintang Terang Alat dan Bahan Meubel","Olahraga","Zona 1 (Baros/Jalur)","UNDER_5",,,4.7,59,"https://www.google.com/maps/search/?api=1&query=Bintang%20Terang%20Alat%20dan%20Bahan%20Meubel%20sukabumi"
281,"Pusat Sepeda Sukabumi","Olahraga","Zona 4 (Jantung Kota)","HIGH_LOW_REV",,,5,1,"https://www.google.com/maps/search/?api=1&query=Pusat%20Sepeda%20Sukabumi"
282,"Trijaya Gym Sukabumi","Olahraga","Zona 1 (Baros/Jalur)","UNDER_5",,,4.9,23,"https://www.google.com/maps/search/?api=1&query=Trijaya%20Gym%20Sukabumi"
283,"MyFit Sukabumi","Olahraga","Zona 4 (Jantung Kota)","UNDER_5",,,4.8,337,"https://www.google.com/maps/search/?api=1&query=MyFit%20Sukabumi"
284,"Fast Track Fitness - Pilates & Gym Sukabumi","Olahraga","Zona 4 (Jantung Kota)","HIGH_LOW_REV",,,5,2977,"https://www.google.com/maps/search/?api=1&query=Fast%20Track%20Fitness%20-%20Pilates%20%26%20Gym%20Sukabumi"
285,"Fitstrength Revolution","Olahraga","Zona 4 (Jantung Kota)","HIGH_LOW_REV",,,5,38,"https://www.google.com/maps/search/?api=1&query=Fitstrength%20Revolution%20sukabumi"
286,"JAF GYM","Olahraga","Zona 2 (Cisaat/Cibadak)","UNDER_5",,,4.9,50,"https://www.google.com/maps/search/?api=1&query=JAF%20GYM%20sukabumi"
287,"Fit Strength (Fitnes Khusus Perempuan)","Olahraga","Zona 6 (Ekspedisi Wisata)","HIGH_LOW_REV",,,5,15,"https://www.google.com/maps/search/?api=1&query=Fit%20Strength%20(Fitnes%20Khusus%20Perempuan)%20sukabumi"
288,"Liverpool Futsal Sukabumi","Olahraga","Zona 4 (Jantung Kota)","UNDER_5",,,4.3,313,"https://www.google.com/maps/search/?api=1&query=Liverpool%20Futsal%20Sukabumi"
289,"GOR FUTSAL JAYA ABADI","Olahraga","Zona 2 (Cisaat/Cibadak)","UNDER_5",,,4.6,98,"https://www.google.com/maps/search/?api=1&query=GOR%20FUTSAL%20JAYA%20ABADI%20sukabumi"
290,"Garuda Sport Center","Olahraga","Zona 5 (Timur/Utara)","UNDER_5",,,4.5,166,"https://www.google.com/maps/search/?api=1&query=Garuda%20Sport%20Center%20sukabumi"
291,"Insani Futsal Sukabumi","Olahraga","Zona 3 (Pusat Selatan)","UNDER_5",,,4.3,186,"https://www.google.com/maps/search/?api=1&query=Insani%20Futsal%20Sukabumi"
292,"Baros Futsal Sukabumi","Olahraga","Zona 5 (Timur/Utara)","UNDER_5",,,4.4,128,"https://www.google.com/maps/search/?api=1&query=Baros%20Futsal%20Sukabumi"
293,"Castalia Futsal","Olahraga","Zona 1 (Baros/Jalur)","UNDER_5",,,4.3,782,"https://www.google.com/maps/search/?api=1&query=Castalia%20Futsal%20sukabumi"
294,"Benteng Futsal","Olahraga","Zona 1 (Baros/Jalur)","UNDER_5",,,4,77,"https://www.google.com/maps/search/?api=1&query=Benteng%20Futsal%20sukabumi"
295,"Disen ARENA","Olahraga","Zona 2 (Cisaat/Cibadak)","UNDER_5",,,4.4,354,"https://www.google.com/maps/search/?api=1&query=Disen%20ARENA%20sukabumi"
296,"Barca Futsal","Olahraga","Zona 2 (Cisaat/Cibadak)","UNDER_5",,,4.4,155,"https://www.google.com/maps/search/?api=1&query=Barca%20Futsal%20sukabumi"
297,"Toko Samudra Pancing","Olahraga","Zona 1 (Baros/Jalur)","UNDER_5",,,4.6,19,"https://www.google.com/maps/search/?api=1&query=Toko%20Samudra%20Pancing%20sukabumi"
298,"NIDIA FISHING SHOP","Olahraga","Zona 5 (Timur/Utara)","UNDER_5",,,4.7,81,"https://www.google.com/maps/search/?api=1&query=NIDIA%20FISHING%20SHOP%20sukabumi"
299,"Toko pancing NEW MUJUR ABADI","Olahraga","Zona 1 (Baros/Jalur)","UNDER_5",,,4,10,"https://www.google.com/maps/search/?api=1&query=Toko%20pancing%20NEW%20MUJUR%20ABADI%20sukabumi"
300,"Toko Pancing Izdihaar","Olahraga","Zona 1 (Baros/Jalur)","HIGH_LOW_REV",,,5,1,"https://www.google.com/maps/search/?api=1&query=Toko%20Pancing%20Izdihaar%20sukabumi"
301,"Satria langit fishing","Olahraga","Zona 1 (Baros/Jalur)","HIGH_LOW_REV",,,5,1,"https://www.google.com/maps/search/?api=1&query=Satria%20langit%20fishing%20sukabumi"
302,"Agil Fishing Sukabumi","Olahraga","Zona 1 (Baros/Jalur)","UNDER_5",,,4.5,26,"https://www.google.com/maps/search/?api=1&query=Agil%20Fishing%20Sukabumi"
303,"Tb. Berdikari Jaya","Konstruksi","Zona 1 (Baros/Jalur)","UNDER_5",,,4.7,96,"https://www.google.com/maps/search/?api=1&query=Tb.%20Berdikari%20Jaya%20sukabumi"
304,"TB. Jaya Bangunan","Konstruksi","Zona 1 (Baros/Jalur)","UNDER_5",,,4.6,62,"https://www.google.com/maps/search/?api=1&query=TB.%20Jaya%20Bangunan%20sukabumi"
305,"WYN Karya Perkasa","Konstruksi","Zona 1 (Baros/Jalur)","UNDER_5",,,4.9,31,"https://www.google.com/maps/search/?api=1&query=WYN%20Karya%20Perkasa%20sukabumi"
306,"PT. Multijaya Prakarsa Abadi","Konstruksi","Zona 5 (Timur/Utara)","HIGH_LOW_REV",,,5,75,"https://www.google.com/maps/search/?api=1&query=PT.%20Multijaya%20Prakarsa%20Abadi%20sukabumi"
307,"Agassi dekorasi","Konstruksi","Zona 1 (Baros/Jalur)","HIGH_LOW_REV",,,5,11,"https://www.google.com/maps/search/?api=1&query=Agassi%20dekorasi%20sukabumi"
308,"sedot WC Sukabumi","Konstruksi","Zona 3 (Pusat Selatan)","HIGH_LOW_REV",,,5,4,"https://www.google.com/maps/search/?api=1&query=sedot%20WC%20Sukabumi"
309,"Bangun Rumah Syariah","Konstruksi","Zona 1 (Baros/Jalur)","UNDER_5",,,4.9,54,"https://www.google.com/maps/search/?api=1&query=Bangun%20Rumah%20Syariah%20sukabumi"
310,"Renovasi Rumah Sukabumi","Konstruksi","Zona 3 (Pusat Selatan)","HIGH_LOW_REV",,,5,24,"https://www.google.com/maps/search/?api=1&query=Renovasi%20Rumah%20Sukabumi"
311,"Sala Studio - Arsitek Sukabumi","Konstruksi","Zona 2 (Cisaat/Cibadak)","UNDER_5",,,4,1,"https://www.google.com/maps/search/?api=1&query=Sala%20Studio%20-%20Arsitek%20Sukabumi"
312,"PUTRA ARKANA BERJAYA COUNTRUCTIONS AND PROPERTY","Konstruksi","Zona 1 (Baros/Jalur)","HIGH_LOW_REV",,,5,3,"https://www.google.com/maps/search/?api=1&query=PUTRA%20ARKANA%20BERJAYA%20COUNTRUCTIONS%20AND%20PROPERTY%20sukabumi"
313,"toko padi aluminium dan kaca","Konstruksi","Zona 1 (Baros/Jalur)","UNDER_5",,,4.6,18,"https://www.google.com/maps/search/?api=1&query=toko%20padi%20aluminium%20dan%20kaca%20sukabumi"
314,"Toko Kaca Bening","Konstruksi","Zona 1 (Baros/Jalur)","UNDER_5",,,4.8,22,"https://www.google.com/maps/search/?api=1&query=Toko%20Kaca%20Bening%20sukabumi"
315,"Cahaya Baru Aluminium Kaca | Pintu | Jendela | Kusen Lengkung | Tempered","Konstruksi","Zona 1 (Baros/Jalur)","UNDER_5",,,4.9,30,"https://www.google.com/maps/search/?api=1&query=Cahaya%20Baru%20Aluminium%20Kaca%20%7C%20Pintu%20%7C%20Jendela%20%7C%20Kusen%20Lengkung%20%7C%20Tempered%20sukabumi"
316,"Mekar jaya kaca","Konstruksi","Zona 1 (Baros/Jalur)","HIGH_LOW_REV",,,5,3,"https://www.google.com/maps/search/?api=1&query=Mekar%20jaya%20kaca%20sukabumi"
317,"Carisma Glass","Konstruksi","Zona 2 (Cisaat/Cibadak)","UNDER_5",,,4.9,12,"https://www.google.com/maps/search/?api=1&query=Carisma%20Glass%20sukabumi"
318,"Mirah Kaca Mobil Sukabumi","Konstruksi","Zona 2 (Cisaat/Cibadak)","HIGH_LOW_REV",,,5,42,"https://www.google.com/maps/search/?api=1&query=Mirah%20Kaca%20Mobil%20Sukabumi"
319,"SUBA-Arch","Konstruksi","Zona 1 (Baros/Jalur)","UNDER_5",,,4.8,26,"https://www.google.com/maps/search/?api=1&query=SUBA-Arch%20sukabumi"
320,"Sukabumiarsitek","Konstruksi","Zona 1 (Baros/Jalur)","HIGH_LOW_REV",,,5,3,"https://www.google.com/maps/search/?api=1&query=Sukabumiarsitek"
321,"Kersa studio","Konstruksi","Zona 1 (Baros/Jalur)","HIGH_LOW_REV",,,5,27,"https://www.google.com/maps/search/?api=1&query=Kersa%20studio%20sukabumi"
322,"FR DESIGN KONSULTAN","Konstruksi","Zona 4 (Jantung Kota)","UNDER_5",,,4.9,43,"https://www.google.com/maps/search/?api=1&query=FR%20DESIGN%20KONSULTAN%20sukabumi"
323,"Idsign Interior Desain","Konstruksi","Zona 3 (Pusat Selatan)","HIGH_LOW_REV",,,5,23,"https://www.google.com/maps/search/?api=1&query=Idsign%20Interior%20Desain%20sukabumi"
324,"Ordehaus Desain Interior & Arsitektur Terbaik Sukabumi","Konstruksi","Zona 2 (Cisaat/Cibadak)","HIGH_LOW_REV",,,5,2,"https://www.google.com/maps/search/?api=1&query=Ordehaus%20Desain%20Interior%20%26%20Arsitektur%20Terbaik%20Sukabumi"
325,"CV DIS Indonesia","Konstruksi","Zona 1 (Baros/Jalur)","UNDER_5",,,1,2,"https://www.google.com/maps/search/?api=1&query=CV%20DIS%20Indonesia%20sukabumi"
326,"Lokatara Architect Studio | Jasa Gambar Arsitek dan Interior","Konstruksi","Zona 2 (Cisaat/Cibadak)","HIGH_LOW_REV",,,5,8,"https://www.google.com/maps/search/?api=1&query=Lokatara%20Architect%20Studio%20%7C%20Jasa%20Gambar%20Arsitek%20dan%20Interior%20sukabumi"
327,"PT. Askrindo (Persero) Cabang Sukabumi","Keuangan","Zona 1 (Baros/Jalur)","UNDER_5",,,4.9,18,"https://www.google.com/maps/search/?api=1&query=PT.%20Askrindo%20(Persero)%20Cabang%20Sukabumi"
328,"Asuransi Sinar Mas Kantor Pemasaran Sukabumi","Keuangan","Zona 4 (Jantung Kota)","UNDER_5",,,4.4,30,"https://www.google.com/maps/search/?api=1&query=Asuransi%20Sinar%20Mas%20Kantor%20Pemasaran%20Sukabumi"
329,"Prudential","Keuangan","Zona 3 (Pusat Selatan)","UNDER_5",,,4.3,98,"https://www.google.com/maps/search/?api=1&query=Prudential%20sukabumi"
330,"IFG Life Sukabumi","Keuangan","Zona 3 (Pusat Selatan)","UNDER_5",,,4.3,32,"https://www.google.com/maps/search/?api=1&query=IFG%20Life%20Sukabumi"
331,"Allianz Life Indonesia - Sukabumi","Keuangan","Zona 4 (Jantung Kota)","UNDER_5",,,4.6,19,"https://www.google.com/maps/search/?api=1&query=Allianz%20Life%20Indonesia%20-%20Sukabumi"
332,"PT. AJS Bumiputera","Keuangan","Zona 1 (Baros/Jalur)","UNDER_5",,,3.1,39,"https://www.google.com/maps/search/?api=1&query=PT.%20AJS%20Bumiputera%20sukabumi"
333,"PT Asuransi Tri Pakarta (TRIPA) - Sukabumi","Keuangan","Zona 4 (Jantung Kota)","HIGH_LOW_REV",,,5,4,"https://www.google.com/maps/search/?api=1&query=PT%20Asuransi%20Tri%20Pakarta%20(TRIPA)%20-%20Sukabumi"
334,"Asuransi ABDA","Keuangan","Zona 3 (Pusat Selatan)","UNDER_5",,,4.3,30,"https://www.google.com/maps/search/?api=1&query=Asuransi%20ABDA%20sukabumi"
335,"Aca Asuransi","Keuangan","Zona 1 (Baros/Jalur)","UNDER_5",,,4.5,34,"https://www.google.com/maps/search/?api=1&query=Aca%20Asuransi%20sukabumi"
336,"PT. ASURANSI UMUM BUMIDA 1967 SUKABUMI","Keuangan","Zona 2 (Cisaat/Cibadak)","HIGH_LOW_REV",,,5,1,"https://www.google.com/maps/search/?api=1&query=PT.%20ASURANSI%20UMUM%20BUMIDA%201967%20SUKABUMI"
337,"Adira Dinamika Multi Finance, Tbk. PT","Keuangan","Zona 1 (Baros/Jalur)","UNDER_5",,,4.2,20,"https://www.google.com/maps/search/?api=1&query=Adira%20Dinamika%20Multi%20Finance%2C%20Tbk.%20PT%20sukabumi"
338,"Adira Finance Cabang Sukabumi - Surya Kencana","Keuangan","Zona 4 (Jantung Kota)","UNDER_5",,,4.9,15,"https://www.google.com/maps/search/?api=1&query=Adira%20Finance%20Cabang%20Sukabumi%20-%20Surya%20Kencana"
339,"PT. Mandiri Utama Finance Sukabumi","Keuangan","Zona 4 (Jantung Kota)","UNDER_5",,,4.4,85,"https://www.google.com/maps/search/?api=1&query=PT.%20Mandiri%20Utama%20Finance%20Sukabumi"
340,"Mandiri Tunas Finance","Keuangan","Zona 3 (Pusat Selatan)","UNDER_5",,,4.9,167,"https://www.google.com/maps/search/?api=1&query=Mandiri%20Tunas%20Finance%20sukabumi"
341,"Mandala finance","Keuangan","Zona 3 (Pusat Selatan)","UNDER_5",,,4.2,31,"https://www.google.com/maps/search/?api=1&query=Mandala%20finance%20sukabumi"
342,"Kredit Plus Sukabumi","Keuangan","Zona 3 (Pusat Selatan)","UNDER_5",,,3.5,18,"https://www.google.com/maps/search/?api=1&query=Kredit%20Plus%20Sukabumi"
343,"PT. Mandala Multifinance Tbk","Keuangan","Zona 1 (Baros/Jalur)","UNDER_5",,,4.9,27,"https://www.google.com/maps/search/?api=1&query=PT.%20Mandala%20Multifinance%20Tbk%20sukabumi"
344,"Bank Sinarmas - Sukabumi","Keuangan","Zona 5 (Timur/Utara)","UNDER_5",,,3.8,20,"https://www.google.com/maps/search/?api=1&query=Bank%20Sinarmas%20-%20Sukabumi"
345,"Gadai bpkb motor dan mobil","Keuangan","Zona 5 (Timur/Utara)","HIGH_LOW_REV",,,5,2,"https://www.google.com/maps/search/?api=1&query=Gadai%20bpkb%20motor%20dan%20mobil%20sukabumi"
346,"Pegadaian Sukabumi","Keuangan","Zona 1 (Baros/Jalur)","UNDER_5",,,4.4,137,"https://www.google.com/maps/search/?api=1&query=Pegadaian%20Sukabumi"
347,"Pegadaian Syariah","Keuangan","Zona 4 (Jantung Kota)","UNDER_5",,,4.7,197,"https://www.google.com/maps/search/?api=1&query=Pegadaian%20Syariah%20sukabumi"
348,"Pegadaian Pasar Pelita","Keuangan","Zona 4 (Jantung Kota)","UNDER_5",,,4.3,13,"https://www.google.com/maps/search/?api=1&query=Pegadaian%20Pasar%20Pelita%20sukabumi"
349,"Pegadaian Cibadak","Keuangan","Zona 2 (Cisaat/Cibadak)","UNDER_5",,,4.6,138,"https://www.google.com/maps/search/?api=1&query=Pegadaian%20Cibadak%20sukabumi"
350,"Museum Pegadaian","Keuangan","Zona 1 (Baros/Jalur)","UNDER_5",,,4.7,367,"https://www.google.com/maps/search/?api=1&query=Museum%20Pegadaian%20sukabumi"
351,"Pusat Gadai Indonesia","Keuangan","Zona 1 (Baros/Jalur)","HIGH_LOW_REV",,,5,144,"https://www.google.com/maps/search/?api=1&query=Pusat%20Gadai%20Indonesia%20sukabumi"
352,"Pegadaian UPC Cisaat","Keuangan","Zona 2 (Cisaat/Cibadak)","UNDER_5",,,4,31,"https://www.google.com/maps/search/?api=1&query=Pegadaian%20UPC%20Cisaat%20sukabumi"
353,"Pegadaian UPS Sukaraja","Keuangan","Zona 6 (Ekspedisi Wisata)","UNDER_5",,,3.8,17,"https://www.google.com/maps/search/?api=1&query=Pegadaian%20UPS%20Sukaraja%20sukabumi"
354,"Raja Gadai Cisaat","Keuangan","Zona 2 (Cisaat/Cibadak)","UNDER_5",,,4.9,303,"https://www.google.com/maps/search/?api=1&query=Raja%20Gadai%20Cisaat%20sukabumi"
355,"Kantor Pelayanan Pajak Pratama Sukabumi","Keuangan","Zona 4 (Jantung Kota)","UNDER_5",,,4.5,591,"https://www.google.com/maps/search/?api=1&query=Kantor%20Pelayanan%20Pajak%20Pratama%20Sukabumi"
356,"Kantor konsultan pajak KKP Dedy D Rasmin","Keuangan","Zona 3 (Pusat Selatan)","HIGH_LOW_REV",,,5,5,"https://www.google.com/maps/search/?api=1&query=Kantor%20konsultan%20pajak%20KKP%20Dedy%20D%20Rasmin%20sukabumi"
357,"Brevet Pajak Sukabumi","Keuangan","Zona 1 (Baros/Jalur)","UNDER_5",,,3.5,2,"https://www.google.com/maps/search/?api=1&query=Brevet%20Pajak%20Sukabumi"
358,"Biro Jasa Alan (Jasa Layanan Dokumen Publik)","Keuangan","Zona 6 (Ekspedisi Wisata)","HIGH_LOW_REV",,,5,6,"https://www.google.com/maps/search/?api=1&query=Biro%20Jasa%20Alan%20(Jasa%20Layanan%20Dokumen%20Publik)%20sukabumi"
359,"mindz games Rental Playstation","Gaming","Zona 1 (Baros/Jalur)","UNDER_5",081990200800,mobile,4.8,0,"https://www.google.com/maps/search/?api=1&query=mindz%20games%20Rental%20Playstation%20sukabumi"
360,"SF Arcadia","Gaming","Zona 4 (Jantung Kota)","HIGH_LOW_REV",,,5,143,"https://www.google.com/maps/search/?api=1&query=SF%20Arcadia%20sukabumi"
361,"ADENZ GAMES (MAIN DITEMPAT ATAU SEWA PS ANTAR JEMPUT )","Gaming","Zona 1 (Baros/Jalur)","UNDER_5",088224994192,mobile,4.9,166,"https://www.google.com/maps/search/?api=1&query=ADENZ%20GAMES%20(MAIN%20DITEMPAT%20ATAU%20SEWA%20PS%20ANTAR%20JEMPUT%20)%20sukabumi"
362,"Second Home Playstation 4 Rental","Gaming","Zona 4 (Jantung Kota)","UNDER_5",085721023450,mobile,4.1,40,"https://www.google.com/maps/search/?api=1&query=Second%20Home%20Playstation%204%20Rental%20sukabumi"
363,"GAME-Z Playstation Rental","Gaming","Zona 1 (Baros/Jalur)","UNDER_5",087719191738,mobile,4.6,36,"https://www.google.com/maps/search/?api=1&query=GAME-Z%20Playstation%20Rental%20sukabumi"
364,"PLAYHERE RENTAL PLAYSTATION (ISI GAME PS & SEWA BAWA PULANG)","Gaming","Zona 1 (Baros/Jalur)","HIGH_LOW_REV",085724622045,mobile,5,7,"https://www.google.com/maps/search/?api=1&query=PLAYHERE%20RENTAL%20PLAYSTATION%20(ISI%20GAME%20PS%20%26%20SEWA%20BAWA%20PULANG)%20sukabumi"
365,"Solaris Games Center","Gaming","Zona 4 (Jantung Kota)","UNDER_5",,,4.5,135,"https://www.google.com/maps/search/?api=1&query=Solaris%20Games%20Center%20sukabumi"
366,"Regalia Gaming ( Farmhouse Sukabumi )","Gaming","Zona 3 (Pusat Selatan)","UNDER_5",082298898900,mobile,4.7,21,"https://www.google.com/maps/search/?api=1&query=Regalia%20Gaming%20(%20Farmhouse%20Sukabumi%20)"
367,"Lakula Gaming Zone","Gaming","Zona 1 (Baros/Jalur)","UNDER_5",080000000,landline,4.4,44,"https://www.google.com/maps/search/?api=1&query=Lakula%20Gaming%20Zone%20sukabumi"
368,"Cowboy Games","Gaming","Zona 1 (Baros/Jalur)","UNDER_5",085759011190,mobile,4.8,34,"https://www.google.com/maps/search/?api=1&query=Cowboy%20Games%20sukabumi"
369,"ADENZ GAMES 2 ( MAIN DI TEMPAT & SEWA PS DIBAWA PULANG )","Gaming","Zona 2 (Cisaat/Cibadak)","HIGH_LOW_REV",085177884849,mobile,5,28,"https://www.google.com/maps/search/?api=1&query=ADENZ%20GAMES%202%20(%20MAIN%20DI%20TEMPAT%20%26%20SEWA%20PS%20DIBAWA%20PULANG%20)%20sukabumi"
370,"Enzy Enterprise","Gaming","Zona 4 (Jantung Kota)","UNDER_5",081808340068,mobile,4.6,116,"https://www.google.com/maps/search/?api=1&query=Enzy%20Enterprise%20sukabumi"
371,"RO cafe.billiard.esports","Gaming","Zona 3 (Pusat Selatan)","UNDER_5",085798857118,mobile,4.4,17,"https://www.google.com/maps/search/?api=1&query=RO%20cafe.billiard.esports%20sukabumi"
372,"MW GAME ZONE","Gaming","Zona 2 (Cisaat/Cibadak)","UNDER_5",,,4.8,22,"https://www.google.com/maps/search/?api=1&query=MW%20GAME%20ZONE%20sukabumi"
373,"Rental PS ""MWSTATION""","Gaming","Zona 6 (Ekspedisi Wisata)","HIGH_LOW_REV",081259759402,mobile,5,0,"https://www.google.com/maps/search/?api=1&query=Rental%20PS%20%22MWSTATION%22%20sukabumi"
374,"GAME-B RENTAL PLAYSTATION","Gaming","Zona 1 (Baros/Jalur)","UNDER_5",085143539110,mobile,4.1,27,"https://www.google.com/maps/search/?api=1&query=GAME-B%20RENTAL%20PLAYSTATION%20sukabumi"
375,"CuciWangi Sukabumi","Cuci Sepatu","Zona 4 (Jantung Kota)","HIGH_LOW_REV",085189000067,mobile,5,0,"https://www.google.com/maps/search/?api=1&query=CuciWangi%20Sukabumi"
376,"NGUMBAH SAPATU KOTA SUKABUMI","Cuci Sepatu","Zona 1 (Baros/Jalur)","UNDER_5",085921324281,mobile,4.9,24,"https://www.google.com/maps/search/?api=1&query=NGUMBAH%20SAPATU%20KOTA%20SUKABUMI"
377,"Cuci Disini Sukabumi","Cuci Sepatu","Zona 2 (Cisaat/Cibadak)","HIGH_LOW_REV",085183022135,mobile,5,66,"https://www.google.com/maps/search/?api=1&query=Cuci%20Disini%20Sukabumi"
378,"Sneakers Shoes Cleaning","Cuci Sepatu","Zona 4 (Jantung Kota)","HIGH_LOW_REV",085798926364,mobile,5,1,"https://www.google.com/maps/search/?api=1&query=Sneakers%20Shoes%20Cleaning%20sukabumi"
379,"Cuci Bersih Shoes And Care","Cuci Sepatu","Zona 2 (Cisaat/Cibadak)","HIGH_LOW_REV",0895329532278,mobile,5,27,"https://www.google.com/maps/search/?api=1&query=Cuci%20Bersih%20Shoes%20And%20Care%20sukabumi"
380,"SUKACUCI","Cuci Sepatu","Zona 1 (Baros/Jalur)","UNDER_5",085723234313,mobile,4.8,127,"https://www.google.com/maps/search/?api=1&query=SUKACUCI%20sukabumi"
381,"Laundry & Cuci Sepatu - Pasti Bersih.Small Space","Cuci Sepatu","Zona 4 (Jantung Kota)","UNDER_5",089612956100,mobile,4.7,26,"https://www.google.com/maps/search/?api=1&query=Laundry%20%26%20Cuci%20Sepatu%20-%20Pasti%20Bersih.Small%20Space%20sukabumi"
382,"Wash it! Cuci Sepatu Sukabumi","Cuci Sepatu","Zona 1 (Baros/Jalur)","HIGH_LOW_REV",085280465741,mobile,5,1,"https://www.google.com/maps/search/?api=1&query=Wash%20it!%20Cuci%20Sepatu%20Sukabumi"
383,"RUANG CUCI","Cuci Sepatu","Zona 1 (Baros/Jalur)","UNDER_5",085888856910,mobile,4.7,31,"https://www.google.com/maps/search/?api=1&query=RUANG%20CUCI%20sukabumi"
384,"Clean Care Laundry Sepatu Cisaat","Cuci Sepatu","Zona 2 (Cisaat/Cibadak)","HIGH_LOW_REV",085771074283,mobile,5,1,"https://www.google.com/maps/search/?api=1&query=Clean%20Care%20Laundry%20Sepatu%20Cisaat%20sukabumi"
385,"Sukacuci Laundry Sukabumi – Laundry Kiloan & Express Antar Jemput Terdekat","Cuci Sepatu","Zona 4 (Jantung Kota)","HIGH_LOW_REV",085723234313,mobile,5,32,"https://www.google.com/maps/search/?api=1&query=Sukacuci%20Laundry%20Sukabumi%20%E2%80%93%20Laundry%20Kiloan%20%26%20Express%20Antar%20Jemput%20Terdekat"
386,"Koomba Shoes Clean","Cuci Sepatu","Zona 5 (Timur/Utara)","HIGH_LOW_REV",085773095370,mobile,5,1,"https://www.google.com/maps/search/?api=1&query=Koomba%20Shoes%20Clean%20sukabumi"
387,"WASH SHOE (WS)","Cuci Sepatu","Zona 1 (Baros/Jalur)","HIGH_LOW_REV",085834016005,mobile,5,1,"https://www.google.com/maps/search/?api=1&query=WASH%20SHOE%20(WS)%20sukabumi"
388,"D'SHOES LAUNDRY","Cuci Sepatu","Zona 3 (Pusat Selatan)","HIGH_LOW_REV",085798193764,mobile,5,4,"https://www.google.com/maps/search/?api=1&query=D'SHOES%20LAUNDRY%20sukabumi"
389,"Dewi Swadaya","Cuci Sepatu","Zona 4 (Jantung Kota)","HIGH_LOW_REV",085720987019,mobile,5,4,"https://www.google.com/maps/search/?api=1&query=Dewi%20Swadaya%20sukabumi"
390,"Gadawu Shoes Care","Cuci Sepatu","Zona 1 (Baros/Jalur)","HIGH_LOW_REV",082110233334,mobile,5,4,"https://www.google.com/maps/search/?api=1&query=Gadawu%20Shoes%20Care%20sukabumi"
391,"Rawat Sepatu Sukabumi Shoes Treatment & Laundry","Cuci Sepatu","Zona 2 (Cisaat/Cibadak)","HIGH_LOW_REV",089628999218,mobile,5,2,"https://www.google.com/maps/search/?api=1&query=Rawat%20Sepatu%20Sukabumi%20Shoes%20Treatment%20%26%20Laundry"
392,"Toko Bahan Bangunan Bukti Rahayu","Konstruksi","Zona 5 (Timur/Utara)","UNDER_5",081214200800,mobile,4.5,0,"https://www.google.com/maps/search/?api=1&query=Toko%20Bahan%20Bangunan%20Bukti%20Rahayu%20sukabumi"
393,"Sinar baru / sinar bangunan cisaat","Konstruksi","Zona 2 (Cisaat/Cibadak)","UNDER_5",085863444498,mobile,4.5,182,"https://www.google.com/maps/search/?api=1&query=Sinar%20baru%20%2F%20sinar%20bangunan%20cisaat%20sukabumi"
394,"PT. Semen Jawa (Siam Cement Group)","Konstruksi","Zona 2 (Cisaat/Cibadak)","UNDER_5",02663220100,landline,4,147,"https://www.google.com/maps/search/?api=1&query=PT.%20Semen%20Jawa%20(Siam%20Cement%20Group)%20sukabumi"
395,"PT. Semen Indonesia Logistik Cabang Sukabumi","Konstruksi","Zona 1 (Baros/Jalur)","UNDER_5",,,4,7,"https://www.google.com/maps/search/?api=1&query=PT.%20Semen%20Indonesia%20Logistik%20Cabang%20Sukabumi"
396,"Mega Baja Sukabumi","Konstruksi","Zona 2 (Cisaat/Cibadak)","UNDER_5",085321905055,mobile,4.2,70,"https://www.google.com/maps/search/?api=1&query=Mega%20Baja%20Sukabumi"
397,"Tunas Baru","Konstruksi","Zona 1 (Baros/Jalur)","UNDER_5",08158006325,mobile,4.6,76,"https://www.google.com/maps/search/?api=1&query=Tunas%20Baru%20sukabumi"
398,"Central Baja Sukabumi - Distributor Baja | Toko Bahan Bangunan | Baja Ringan","Konstruksi","Zona 1 (Baros/Jalur)","UNDER_5",0266218475,landline,4.8,19,"https://www.google.com/maps/search/?api=1&query=Central%20Baja%20Sukabumi%20-%20Distributor%20Baja%20%7C%20Toko%20Bahan%20Bangunan%20%7C%20Baja%20Ringan"
399,"Toko Besi Cahaya Jaya","Konstruksi","Zona 1 (Baros/Jalur)","HIGH_LOW_REV",,,5,4,"https://www.google.com/maps/search/?api=1&query=Toko%20Besi%20Cahaya%20Jaya%20sukabumi"
400,"Mitra Besi Baja Sukabumi","Konstruksi","Zona 5 (Timur/Utara)","HIGH_LOW_REV",085117388321,mobile,5,24,"https://www.google.com/maps/search/?api=1&query=Mitra%20Besi%20Baja%20Sukabumi"
401,"Toko Besi Naga Mas","Konstruksi","Zona 1 (Baros/Jalur)","UNDER_5",0266224575,landline,4.1,19,"https://www.google.com/maps/search/?api=1&query=Toko%20Besi%20Naga%20Mas%20sukabumi"
402,"Toko Hong Kiyat Keramik, Sanitair, dan Cat","Konstruksi","Zona 1 (Baros/Jalur)","UNDER_5",08991701928,mobile,4.8,176,"https://www.google.com/maps/search/?api=1&query=Toko%20Hong%20Kiyat%20Keramik%2C%20Sanitair%2C%20dan%20Cat%20sukabumi"
403,"Graha Keramik 1","Konstruksi","Zona 1 (Baros/Jalur)","UNDER_5",,,4.5,63,"https://www.google.com/maps/search/?api=1&query=Graha%20Keramik%201%20sukabumi"
404,"Situ Jaya Keramik","Konstruksi","Zona 1 (Baros/Jalur)","UNDER_5",,,4.4,29,"https://www.google.com/maps/search/?api=1&query=Situ%20Jaya%20Keramik%20sukabumi"
405,"Roda Mas Home Center","Konstruksi","Zona 4 (Jantung Kota)","UNDER_5",085814756268,mobile,4.4,53,"https://www.google.com/maps/search/?api=1&query=Roda%20Mas%20Home%20Center%20sukabumi"
406,"Toko Cat Asia Warna 2","Konstruksi","Zona 1 (Baros/Jalur)","UNDER_5",,,4.6,65,"https://www.google.com/maps/search/?api=1&query=Toko%20Cat%20Asia%20Warna%202%20sukabumi"
407,"Toko Cat Sinar Jaya Tiga","Konstruksi","Zona 1 (Baros/Jalur)","UNDER_5",081806117234,mobile,4.7,15,"https://www.google.com/maps/search/?api=1&query=Toko%20Cat%20Sinar%20Jaya%20Tiga%20sukabumi"
408,"TOKO ATHARRAZKA ( CAT TEMBOK KILOAN )","Konstruksi","Zona 1 (Baros/Jalur)","HIGH_LOW_REV",081911748499,mobile,5,2,"https://www.google.com/maps/search/?api=1&query=TOKO%20ATHARRAZKA%20(%20CAT%20TEMBOK%20KILOAN%20)%20sukabumi"
409,"Cat Kiloan Rambay","Konstruksi","Zona 2 (Cisaat/Cibadak)","UNDER_5",,,4.5,25,"https://www.google.com/maps/search/?api=1&query=Cat%20Kiloan%20Rambay%20sukabumi"
410,"Toko Keramik & Plywood SUMBER MAKMUR","Konstruksi","Zona 2 (Cisaat/Cibadak)","UNDER_5",0816605523,mobile,4.9,33,"https://www.google.com/maps/search/?api=1&query=Toko%20Keramik%20%26%20Plywood%20SUMBER%20MAKMUR%20sukabumi"
411,"Dewi keramik","Konstruksi","Zona 2 (Cisaat/Cibadak)","UNDER_5",,,4.5,13,"https://www.google.com/maps/search/?api=1&query=Dewi%20keramik%20sukabumi"
412,"Toko GRS Maju Bersama | Plywood, Triplek, HPL, Aksesoris Furniture Sukabumi","Konstruksi","Zona 1 (Baros/Jalur)","UNDER_5",082344470877,mobile,4.9,9,"https://www.google.com/maps/search/?api=1&query=Toko%20GRS%20Maju%20Bersama%20%7C%20Plywood%2C%20Triplek%2C%20HPL%2C%20Aksesoris%20Furniture%20Sukabumi"
413,"PD Jaya abadi","Konstruksi","Zona 2 (Cisaat/Cibadak)","UNDER_5",085793333234,mobile,4.3,31,"https://www.google.com/maps/search/?api=1&query=PD%20Jaya%20abadi%20sukabumi"
414,"Gudang Berkah Makmur Plywood","Konstruksi","Zona 1 (Baros/Jalur)","HIGH_LOW_REV",082344470877,mobile,5,1,"https://www.google.com/maps/search/?api=1&query=Gudang%20Berkah%20Makmur%20Plywood%20sukabumi"
415,"CV . Makmur Jaya","Konstruksi","Zona 4 (Jantung Kota)","UNDER_5",0266222294,landline,4.7,42,"https://www.google.com/maps/search/?api=1&query=CV%20.%20Makmur%20Jaya%20sukabumi"
416,"Distributor pipa ppr pvc hdpe","Konstruksi","Zona 3 (Pusat Selatan)","UNDER_5",081295805387,mobile,1,1,"https://www.google.com/maps/search/?api=1&query=Distributor%20pipa%20ppr%20pvc%20hdpe%20sukabumi"
417,"Plafon PVC Sukabumi","Konstruksi","Zona 5 (Timur/Utara)","UNDER_5",081281774186,mobile,4.7,13,"https://www.google.com/maps/search/?api=1&query=Plafon%20PVC%20Sukabumi"
418,"Gemilang plafon pvc Sukabumi","Konstruksi","Zona 1 (Baros/Jalur)","UNDER_5",087778088011,mobile,3.8,12,"https://www.google.com/maps/search/?api=1&query=Gemilang%20plafon%20pvc%20Sukabumi"
419,"distributor hdpe pipe selang hdpe","Konstruksi","Zona 1 (Baros/Jalur)","UNDER_5",085819588099,mobile,4.5,8,"https://www.google.com/maps/search/?api=1&query=distributor%20hdpe%20pipe%20selang%20hdpe%20sukabumi"
420,"Asba Plafon PVC Sukabumi","Konstruksi","Zona 1 (Baros/Jalur)","UNDER_5",,,4.9,7,"https://www.google.com/maps/search/?api=1&query=Asba%20Plafon%20PVC%20Sukabumi"
421,"DAPUR MUNGIL PUSAT","Bakery & Kue","Zona 3 (Pusat Selatan)","UNDER_5",,,4.8,241,"https://www.google.com/maps/search/?api=1&query=DAPUR%20MUNGIL%20PUSAT%20sukabumi"
422,"Amorcakes and Bakery - Cikole Sukabumi","Bakery & Kue","Zona 4 (Jantung Kota)","UNDER_5",081190088982,mobile,4.9,212,"https://www.google.com/maps/search/?api=1&query=Amorcakes%20and%20Bakery%20-%20Cikole%20Sukabumi"
423,"Holland Bakery","Bakery & Kue","Zona 1 (Baros/Jalur)","UNDER_5",08975971945,mobile,4.3,119,"https://www.google.com/maps/search/?api=1&query=Holland%20Bakery%20sukabumi"
424,"The Harvest Cakes - Sukabumi","Bakery & Kue","Zona 4 (Jantung Kota)","UNDER_5",,,4.7,198,"https://www.google.com/maps/search/?api=1&query=The%20Harvest%20Cakes%20-%20Sukabumi"
425,"Cantigi","Bakery & Kue","Zona 4 (Jantung Kota)","UNDER_5",085624764111,mobile,4,28,"https://www.google.com/maps/search/?api=1&query=Cantigi%20sukabumi"
426,"Toko kue basah SnS","Bakery & Kue","Zona 5 (Timur/Utara)","HIGH_LOW_REV",089698820076,mobile,5,11,"https://www.google.com/maps/search/?api=1&query=Toko%20kue%20basah%20SnS%20sukabumi"
427,"Toko CS","Bakery & Kue","Zona 4 (Jantung Kota)","UNDER_5",0266227673,landline,4.8,24,"https://www.google.com/maps/search/?api=1&query=Toko%20CS%20sukabumi"
428,"Siliwangi Bolu Kukus Jendral Sudirman, Sukabumi","Bakery & Kue","Zona 3 (Pusat Selatan)","UNDER_5",,,4.5,73,"https://www.google.com/maps/search/?api=1&query=Siliwangi%20Bolu%20Kukus%20Jendral%20Sudirman%2C%20Sukabumi"
429,"Bolu Amor Jl Gudang","Bakery & Kue","Zona 4 (Jantung Kota)","HIGH_LOW_REV",085798900304,mobile,5,410,"https://www.google.com/maps/search/?api=1&query=Bolu%20Amor%20Jl%20Gudang%20sukabumi"
430,"zakesta brownies and cakes","Bakery & Kue","Zona 3 (Pusat Selatan)","HIGH_LOW_REV",,,5,125,"https://www.google.com/maps/search/?api=1&query=zakesta%20brownies%20and%20cakes%20sukabumi"
431,"Bolu Pisang Ibu Onih","Bakery & Kue","Zona 1 (Baros/Jalur)","UNDER_5",081572824444,mobile,4.6,57,"https://www.google.com/maps/search/?api=1&query=Bolu%20Pisang%20Ibu%20Onih%20sukabumi"
432,"Shell patisserie","Bakery & Kue","Zona 5 (Timur/Utara)","UNDER_5",08982288222,mobile,4.8,114,"https://www.google.com/maps/search/?api=1&query=Shell%20patisserie%20sukabumi"
433,"Praline Sukabumi","Bakery & Kue","Zona 4 (Jantung Kota)","UNDER_5",08118957881,mobile,4.5,433,"https://www.google.com/maps/search/?api=1&query=Praline%20Sukabumi"
434,"Bolu Labu Al-Hijrah (Oleh-Oleh Khas Sukabumi)","Bakery & Kue","Zona 6 (Ekspedisi Wisata)","UNDER_5",081563715053,mobile,4.5,43,"https://www.google.com/maps/search/?api=1&query=Bolu%20Labu%20Al-Hijrah%20(Oleh-Oleh%20Khas%20Sukabumi)"
435,"Toko Sindang Sari Oleh Oleh Sukabumi","Bakery & Kue","Zona 1 (Baros/Jalur)","UNDER_5",081283354474,mobile,4.3,15,"https://www.google.com/maps/search/?api=1&query=Toko%20Sindang%20Sari%20Oleh%20Oleh%20Sukabumi"
436,"Mochi A Yani","Bakery & Kue","Zona 4 (Jantung Kota)","UNDER_5",087748271423,mobile,4.7,466,"https://www.google.com/maps/search/?api=1&query=Mochi%20A%20Yani%20sukabumi"
437,"Kusuma Oleh - Oleh Sukabumi","Bakery & Kue","Zona 4 (Jantung Kota)","HIGH_LOW_REV",,,5,12,"https://www.google.com/maps/search/?api=1&query=Kusuma%20Oleh%20-%20Oleh%20Sukabumi"
438,"Dodol Harendong","Bakery & Kue","Zona 1 (Baros/Jalur)","HIGH_LOW_REV",,,5,2,"https://www.google.com/maps/search/?api=1&query=Dodol%20Harendong%20sukabumi"
439,"Dodol Garut Maryati","Bakery & Kue","Zona 1 (Baros/Jalur)","HIGH_LOW_REV",081572248570,mobile,5,10,"https://www.google.com/maps/search/?api=1&query=Dodol%20Garut%20Maryati%20sukabumi"
440,"Dodol Ngaray","Bakery & Kue","Zona 5 (Timur/Utara)","HIGH_LOW_REV",085862888823,mobile,5,1,"https://www.google.com/maps/search/?api=1&query=Dodol%20Ngaray%20sukabumi"
441,"Mochi Kaswari Bakat Jaya","Bakery & Kue","Zona 4 (Jantung Kota)","UNDER_5",0266232092,landline,4.5,211,"https://www.google.com/maps/search/?api=1&query=Mochi%20Kaswari%20Bakat%20Jaya%20sukabumi"
442,"LUCKY Kamera (Sukabumi Kota)","Foto & Kamera","Zona 1 (Baros/Jalur)","UNDER_5",08569899000,mobile,4.6,124,"https://www.google.com/maps/search/?api=1&query=LUCKY%20Kamera%20(Sukabumi%20Kota)"
443,"KAMERA IBNU (SEWA KAMERA SUKABUMI)","Foto & Kamera","Zona 4 (Jantung Kota)","HIGH_LOW_REV",08566601264,mobile,5,11,"https://www.google.com/maps/search/?api=1&query=KAMERA%20IBNU%20(SEWA%20KAMERA%20SUKABUMI)"
444,"ADAMASANYA.SMI","Foto & Kamera","Zona 1 (Baros/Jalur)","UNDER_5",085939717250,mobile,4.7,108,"https://www.google.com/maps/search/?api=1&query=ADAMASANYA.SMI%20sukabumi"
445,"Digital Camera Repair AGPA service kamera sukabumi","Foto & Kamera","Zona 6 (Ekspedisi Wisata)","UNDER_5",085171005972,mobile,4.9,38,"https://www.google.com/maps/search/?api=1&query=Digital%20Camera%20Repair%20AGPA%20service%20kamera%20sukabumi"
446,"Rental Alat Sukabumi 2","Foto & Kamera","Zona 2 (Cisaat/Cibadak)","HIGH_LOW_REV",085718087000,mobile,5,3,"https://www.google.com/maps/search/?api=1&query=Rental%20Alat%20Sukabumi%202"
447,"Rezz Digital","Foto & Kamera","Zona 4 (Jantung Kota)","UNDER_5",085872335899,mobile,3,2,"https://www.google.com/maps/search/?api=1&query=Rezz%20Digital%20sukabumi"
448,"Foto Lee Ming","Foto & Kamera","Zona 4 (Jantung Kota)","UNDER_5",089652173979,mobile,4.4,70,"https://www.google.com/maps/search/?api=1&query=Foto%20Lee%20Ming%20sukabumi"
449,"DIGI PHOTO Lab & Studio SUKABUMI","Foto & Kamera","Zona 4 (Jantung Kota)","UNDER_5",082321518428,mobile,4.6,173,"https://www.google.com/maps/search/?api=1&query=DIGI%20PHOTO%20Lab%20%26%20Studio%20SUKABUMI"
450,"Yakima Photo","Foto & Kamera","Zona 4 (Jantung Kota)","UNDER_5",,,4.3,164,"https://www.google.com/maps/search/?api=1&query=Yakima%20Photo%20sukabumi"
451,"NET FOTOGRAFI Sukabumi _ Office & Studio","Foto & Kamera","Zona 4 (Jantung Kota)","UNDER_5",089517708799,mobile,4.7,76,"https://www.google.com/maps/search/?api=1&query=NET%20FOTOGRAFI%20Sukabumi%20_%20Office%20%26%20Studio"
452,"JSTUDIO PHOTO","Foto & Kamera","Zona 1 (Baros/Jalur)","UNDER_5",082122699920,mobile,4.9,92,"https://www.google.com/maps/search/?api=1&query=JSTUDIO%20PHOTO%20sukabumi"
453,"Kita Photo Studio","Foto & Kamera","Zona 1 (Baros/Jalur)","UNDER_5",085863377149,mobile,4.6,128,"https://www.google.com/maps/search/?api=1&query=Kita%20Photo%20Studio%20sukabumi"
454,"LUVINOPICTURES","Foto & Kamera","Zona 3 (Pusat Selatan)","UNDER_5",085863600900,mobile,4.9,14,"https://www.google.com/maps/search/?api=1&query=LUVINOPICTURES%20sukabumi"
455,"Qss Digital Photo Studio Sukabumi","Foto & Kamera","Zona 4 (Jantung Kota)","UNDER_5",02666244927,landline,4.5,37,"https://www.google.com/maps/search/?api=1&query=Qss%20Digital%20Photo%20Studio%20Sukabumi"
456,"Kertas Warna","Foto & Kamera","Zona 1 (Baros/Jalur)","UNDER_5",089620193110,mobile,4.6,242,"https://www.google.com/maps/search/?api=1&query=Kertas%20Warna%20sukabumi"
457,"Studio Musik Cees","Studio Musik & Seni","Zona 4 (Jantung Kota)","UNDER_5",,,4.7,7,"https://www.google.com/maps/search/?api=1&query=Studio%20Musik%20Cees%20sukabumi"
458,"WM STUDIO / Studio Music Sukabumi","Studio Musik & Seni","Zona 2 (Cisaat/Cibadak)","UNDER_5",087720807888,mobile,4.9,13,"https://www.google.com/maps/search/?api=1&query=WM%20STUDIO%20%2F%20Studio%20Music%20Sukabumi"
459,"HARU STUDIO","Studio Musik & Seni","Zona 1 (Baros/Jalur)","UNDER_5",081316674422,mobile,4.9,40,"https://www.google.com/maps/search/?api=1&query=HARU%20STUDIO%20sukabumi"
460,"Ping!!! Music Studio","Studio Musik & Seni","Zona 1 (Baros/Jalur)","UNDER_5",083818225533,mobile,4.3,68,"https://www.google.com/maps/search/?api=1&query=Ping!!!%20Music%20Studio%20sukabumi"
461,"Leo Musik Studio","Studio Musik & Seni","Zona 3 (Pusat Selatan)","UNDER_5",085793561531,mobile,4.8,34,"https://www.google.com/maps/search/?api=1&query=Leo%20Musik%20Studio%20sukabumi"
462,"Dji's Studio","Studio Musik & Seni","Zona 4 (Jantung Kota)","HIGH_LOW_REV",085215307215,mobile,5,68,"https://www.google.com/maps/search/?api=1&query=Dji's%20Studio%20sukabumi"
463,"Mabes Studio Recording","Studio Musik & Seni","Zona 2 (Cisaat/Cibadak)","UNDER_5",0266238112,landline,4.7,55,"https://www.google.com/maps/search/?api=1&query=Mabes%20Studio%20Recording%20sukabumi"
464,"Playback Music Studio Recording","Studio Musik & Seni","Zona 1 (Baros/Jalur)","HIGH_LOW_REV",085723371249,mobile,5,18,"https://www.google.com/maps/search/?api=1&query=Playback%20Music%20Studio%20Recording%20sukabumi"
465,"Mg Music Studio","Studio Musik & Seni","Zona 3 (Pusat Selatan)","HIGH_LOW_REV",085721866448,mobile,5,10,"https://www.google.com/maps/search/?api=1&query=Mg%20Music%20Studio%20sukabumi"
466,"lans studio musik","Studio Musik & Seni","Zona 1 (Baros/Jalur)","UNDER_5",085720720731,mobile,4.7,13,"https://www.google.com/maps/search/?api=1&query=lans%20studio%20musik%20sukabumi"
467,"Grow Entertainment","Studio Musik & Seni","Zona 1 (Baros/Jalur)","UNDER_5",0895628098040,mobile,4.9,32,"https://www.google.com/maps/search/?api=1&query=Grow%20Entertainment%20sukabumi"
468,"TR RECORD STUDIO","Studio Musik & Seni","Zona 4 (Jantung Kota)","UNDER_5",08156117115,mobile,4.7,83,"https://www.google.com/maps/search/?api=1&query=TR%20RECORD%20STUDIO%20sukabumi"
469,"Gilang Ramadhan Studio Band","Studio Musik & Seni","Zona 4 (Jantung Kota)","HIGH_LOW_REV",0266213260,landline,5,2,"https://www.google.com/maps/search/?api=1&query=Gilang%20Ramadhan%20Studio%20Band%20sukabumi"
470,"Syika Studio","Studio Musik & Seni","Zona 2 (Cisaat/Cibadak)","UNDER_5",085659187813,mobile,4.2,80,"https://www.google.com/maps/search/?api=1&query=Syika%20Studio%20sukabumi"
471,"Purwacaraka music Studio Sukabumi","Studio Musik & Seni","Zona 1 (Baros/Jalur)","HIGH_LOW_REV",081573295905,mobile,5,5,"https://www.google.com/maps/search/?api=1&query=Purwacaraka%20music%20Studio%20Sukabumi"
472,"Sukabumi Music School","Studio Musik & Seni","Zona 1 (Baros/Jalur)","HIGH_LOW_REV",08562059167,mobile,5,4,"https://www.google.com/maps/search/?api=1&query=Sukabumi%20Music%20School"
473,"Nada Cendekia Music School","Studio Musik & Seni","Zona 2 (Cisaat/Cibadak)","HIGH_LOW_REV",0881011894565,mobile,5,2,"https://www.google.com/maps/search/?api=1&query=Nada%20Cendekia%20Music%20School%20sukabumi"
474,"Stiva Music Studio","Studio Musik & Seni","Zona 5 (Timur/Utara)","HIGH_LOW_REV",081386161110,mobile,5,1,"https://www.google.com/maps/search/?api=1&query=Stiva%20Music%20Studio%20sukabumi"
475,"Jays Music Studio","Studio Musik & Seni","Zona 4 (Jantung Kota)","HIGH_LOW_REV",082117577125,mobile,5,12,"https://www.google.com/maps/search/?api=1&query=Jays%20Music%20Studio%20sukabumi"
476,"M9 Rumah Seni","Studio Musik & Seni","Zona 4 (Jantung Kota)","HIGH_LOW_REV",085724055363,mobile,5,1,"https://www.google.com/maps/search/?api=1&query=M9%20Rumah%20Seni%20sukabumi"
477,"Ayodhaloka Art Space","Studio Musik & Seni","Zona 3 (Pusat Selatan)","UNDER_5",,,4.9,7,"https://www.google.com/maps/search/?api=1&query=Ayodhaloka%20Art%20Space%20sukabumi"
478,"Ghibran Pakan Hewan","Pet & Hewan","Zona 5 (Timur/Utara)","UNDER_5",085624046610,mobile,4.9,0,"https://www.google.com/maps/search/?api=1&query=Ghibran%20Pakan%20Hewan%20sukabumi"
479,"DUNIA AQUARIUM PET & POULTRY SHOP","Pet & Hewan","Zona 2 (Cisaat/Cibadak)","UNDER_5",085659453347,mobile,4.6,283,"https://www.google.com/maps/search/?api=1&query=DUNIA%20AQUARIUM%20PET%20%26%20POULTRY%20SHOP%20sukabumi"
480,"JJ Pet Shop, Grooming & Pet Hotel - Pasundan","Pet & Hewan","Zona 1 (Baros/Jalur)","HIGH_LOW_REV",081315446377,mobile,5,198,"https://www.google.com/maps/search/?api=1&query=JJ%20Pet%20Shop%2C%20Grooming%20%26%20Pet%20Hotel%20-%20Pasundan%20sukabumi"
481,"Pamz Grooming sukabumi","Pet & Hewan","Zona 5 (Timur/Utara)","HIGH_LOW_REV",08876070000,mobile,5,39,"https://www.google.com/maps/search/?api=1&query=Pamz%20Grooming%20sukabumi"
482,"drh. Ate Rahmat, M.Si","Pet & Hewan","Zona 2 (Cisaat/Cibadak)","UNDER_5",,,4.8,58,"https://www.google.com/maps/search/?api=1&query=drh.%20Ate%20Rahmat%2C%20M.Si%20sukabumi"
483,"Dokter Hewan Riki Barata","Pet & Hewan","Zona 5 (Timur/Utara)","UNDER_5",08175411477,mobile,4.8,167,"https://www.google.com/maps/search/?api=1&query=Dokter%20Hewan%20Riki%20Barata%20sukabumi"
484,"KLINIK HEWAN KOTA SUKABUMI (BIDANG PETERNAKAN & KESEHATAN HEWAN)","Pet & Hewan","Zona 1 (Baros/Jalur)","UNDER_5",0266222186,landline,4.6,109,"https://www.google.com/maps/search/?api=1&query=KLINIK%20HEWAN%20KOTA%20SUKABUMI%20(BIDANG%20PETERNAKAN%20%26%20KESEHATAN%20HEWAN)"
485,"Praktek Drh Ilianawati","Pet & Hewan","Zona 4 (Jantung Kota)","UNDER_5",087878403766,mobile,4.8,60,"https://www.google.com/maps/search/?api=1&query=Praktek%20Drh%20Ilianawati%20sukabumi"
486,"Tulip pet care","Pet & Hewan","Zona 4 (Jantung Kota)","UNDER_5",085212382042,mobile,4.9,58,"https://www.google.com/maps/search/?api=1&query=Tulip%20pet%20care%20sukabumi"
487,"Klinik Hewan drh Narti (Vhivet Care)&petshop","Pet & Hewan","Zona 2 (Cisaat/Cibadak)","UNDER_5",085775217706,mobile,4.2,64,"https://www.google.com/maps/search/?api=1&query=Klinik%20Hewan%20drh%20Narti%20(Vhivet%20Care)%26petshop%20sukabumi"
488,"Ratu Cathouse Sukabumi","Pet & Hewan","Zona 5 (Timur/Utara)","UNDER_5",089652508535,mobile,4.9,66,"https://www.google.com/maps/search/?api=1&query=Ratu%20Cathouse%20Sukabumi"
489,"Odeon Aquarium","Pet & Hewan","Zona 1 (Baros/Jalur)","UNDER_5",081563172094,mobile,4.6,244,"https://www.google.com/maps/search/?api=1&query=Odeon%20Aquarium%20sukabumi"
490,"Sukabumi Aquarium","Pet & Hewan","Zona 4 (Jantung Kota)","UNDER_5",08977513364,mobile,4.5,31,"https://www.google.com/maps/search/?api=1&query=Sukabumi%20Aquarium"
491,"Aloha","Pet & Hewan","Zona 4 (Jantung Kota)","UNDER_5",0266225615,landline,4.4,121,"https://www.google.com/maps/search/?api=1&query=Aloha%20sukabumi"
492,"Hansee Aquarium","Pet & Hewan","Zona 1 (Baros/Jalur)","UNDER_5",08111179334,mobile,4.4,165,"https://www.google.com/maps/search/?api=1&query=Hansee%20Aquarium%20sukabumi"
493,"Toko ikan kondang aquarium","Pet & Hewan","Zona 1 (Baros/Jalur)","UNDER_5",085759003958,mobile,4.9,18,"https://www.google.com/maps/search/?api=1&query=Toko%20ikan%20kondang%20aquarium%20sukabumi"
494,"Pribumi Aquarium","Pet & Hewan","Zona 5 (Timur/Utara)","UNDER_5",081563324611,mobile,4.4,42,"https://www.google.com/maps/search/?api=1&query=Pribumi%20Aquarium%20sukabumi"
495,"Ikan hias laut sukabumi","Pet & Hewan","Zona 1 (Baros/Jalur)","HIGH_LOW_REV",085624776964,mobile,5,5,"https://www.google.com/maps/search/?api=1&query=Ikan%20hias%20laut%20sukabumi"
496,"Arf Bird Shop","Pet & Hewan","Zona 1 (Baros/Jalur)","UNDER_5",0816609607,mobile,4.4,34,"https://www.google.com/maps/search/?api=1&query=Arf%20Bird%20Shop%20sukabumi"
497,"Pasar Burung Pasundan Sukabumi","Pet & Hewan","Zona 1 (Baros/Jalur)","UNDER_5",085719343555,mobile,4.1,82,"https://www.google.com/maps/search/?api=1&query=Pasar%20Burung%20Pasundan%20Sukabumi"
498,"KIOS BURUNG PAK ARMAN","Pet & Hewan","Zona 1 (Baros/Jalur)","UNDER_5",,,4.3,9,"https://www.google.com/maps/search/?api=1&query=KIOS%20BURUNG%20PAK%20ARMAN%20sukabumi"
499,"MAJA KICAU","Pet & Hewan","Zona 2 (Cisaat/Cibadak)","HIGH_LOW_REV",08111184812,mobile,5,4,"https://www.google.com/maps/search/?api=1&query=MAJA%20KICAU%20sukabumi"
500,"Mahesa Bird Shop","Pet & Hewan","Zona 5 (Timur/Utara)","UNDER_5",081212062381,mobile,4.3,6,"https://www.google.com/maps/search/?api=1&query=Mahesa%20Bird%20Shop%20sukabumi"
501,"Pd Mahardika","Pet & Hewan","Zona 1 (Baros/Jalur)","UNDER_5",08159000051,mobile,3.7,22,"https://www.google.com/maps/search/?api=1&query=Pd%20Mahardika%20sukabumi"
502,"KIOS BURUNG FAHREZA (KBF)","Pet & Hewan","Zona 3 (Pusat Selatan)","HIGH_LOW_REV",085720869500,mobile,5,2,"https://www.google.com/maps/search/?api=1&query=KIOS%20BURUNG%20FAHREZA%20(KBF)%20sukabumi"
503,"Zaki Aquatic Store Sukabumi","Pet & Hewan","Zona 2 (Cisaat/Cibadak)","UNDER_5",085180594831,mobile,4.7,57,"https://www.google.com/maps/search/?api=1&query=Zaki%20Aquatic%20Store%20Sukabumi"
504,"veiz aquascape","Pet & Hewan","Zona 1 (Baros/Jalur)","UNDER_5",081212766669,mobile,4.4,9,"https://www.google.com/maps/search/?api=1&query=veiz%20aquascape%20sukabumi"
505,"Djunior Diecast - Hotwheels Store","Hobi & Koleksi","Zona 4 (Jantung Kota)","HIGH_LOW_REV",,,5,12,"https://www.google.com/maps/search/?api=1&query=Djunior%20Diecast%20-%20Hotwheels%20Store%20sukabumi"
506,"Bangsawan Toys (Diecast store)","Hobi & Koleksi","Zona 4 (Jantung Kota)","HIGH_LOW_REV",089610420994,mobile,5,5,"https://www.google.com/maps/search/?api=1&query=Bangsawan%20Toys%20(Diecast%20store)%20sukabumi"
507,"Binangkit Store","Hobi & Koleksi","Zona 4 (Jantung Kota)","UNDER_5",081384761978,mobile,4.8,14,"https://www.google.com/maps/search/?api=1&query=Binangkit%20Store%20sukabumi"
508,"SUARA HATI TOYS","Hobi & Koleksi","Zona 2 (Cisaat/Cibadak)","UNDER_5",085872043165,mobile,4.7,334,"https://www.google.com/maps/search/?api=1&query=SUARA%20HATI%20TOYS%20sukabumi"
509,"Saung Hobby and Toys","Hobi & Koleksi","Zona 3 (Pusat Selatan)","HIGH_LOW_REV",082110060441,mobile,5,3,"https://www.google.com/maps/search/?api=1&query=Saung%20Hobby%20and%20Toys%20sukabumi"
510,"Inona yoga toys. Sukabumi","Hobi & Koleksi","Zona 1 (Baros/Jalur)","UNDER_5",,,4.2,11,"https://www.google.com/maps/search/?api=1&query=Inona%20yoga%20toys.%20Sukabumi"
511,"Toko AZWA","Hobi & Koleksi","Zona 4 (Jantung Kota)","UNDER_5",085294273717,mobile,4.4,13,"https://www.google.com/maps/search/?api=1&query=Toko%20AZWA%20sukabumi"
512,"Samudra","Hobi & Koleksi","Zona 4 (Jantung Kota)","UNDER_5",0266220165,landline,4.4,96,"https://www.google.com/maps/search/?api=1&query=Samudra%20sukabumi"
513,"Sinar Sakti","Hobi & Koleksi","Zona 4 (Jantung Kota)","UNDER_5",087820530919,mobile,4.6,5,"https://www.google.com/maps/search/?api=1&query=Sinar%20Sakti%20sukabumi"
514,"Toko Ujm","Hobi & Koleksi","Zona 4 (Jantung Kota)","UNDER_5",081221219578,mobile,4.5,31,"https://www.google.com/maps/search/?api=1&query=Toko%20Ujm%20sukabumi"
515,"ABCDcell TAMIYA MINI 4WD SUKABUMI","Hobi & Koleksi","Zona 1 (Baros/Jalur)","UNDER_5",083871762872,mobile,4.9,14,"https://www.google.com/maps/search/?api=1&query=ABCDcell%20TAMIYA%20MINI%204WD%20SUKABUMI"
516,"rctopia","Hobi & Koleksi","Zona 4 (Jantung Kota)","HIGH_LOW_REV",085221888188,mobile,5,1,"https://www.google.com/maps/search/?api=1&query=rctopia%20sukabumi"
517,"Lego Lagi","Hobi & Koleksi","Zona 2 (Cisaat/Cibadak)","UNDER_5",085156848468,mobile,4.7,41,"https://www.google.com/maps/search/?api=1&query=Lego%20Lagi%20sukabumi"
518,"Nadaria Toys","Hobi & Koleksi","Zona 4 (Jantung Kota)","HIGH_LOW_REV",081318266794,mobile,5,2,"https://www.google.com/maps/search/?api=1&query=Nadaria%20Toys%20sukabumi"
519,"Ganz toys","Hobi & Koleksi","Zona 6 (Ekspedisi Wisata)","HIGH_LOW_REV",081563737888,mobile,5,1,"https://www.google.com/maps/search/?api=1&query=Ganz%20toys%20sukabumi"
520,"Sagalaya Toys & Hobby","Otaku & Cosplay","Zona 2 (Cisaat/Cibadak)","HIGH_LOW_REV",085798806061,mobile,5,0,"https://www.google.com/maps/search/?api=1&query=Sagalaya%20Toys%20%26%20Hobby%20sukabumi"
521,"Hollyland Shop","Otaku & Cosplay","Zona 4 (Jantung Kota)","UNDER_5",08988227805,mobile,4.5,85,"https://www.google.com/maps/search/?api=1&query=Hollyland%20Shop%20sukabumi"
522,"KawaidOllshop","Otaku & Cosplay","Zona 3 (Pusat Selatan)","UNDER_5",08997100085,mobile,4.6,445,"https://www.google.com/maps/search/?api=1&query=KawaidOllshop%20sukabumi"
523,"Toko Rigo","Otaku & Cosplay","Zona 1 (Baros/Jalur)","UNDER_5",085703000529,mobile,4.7,6,"https://www.google.com/maps/search/?api=1&query=Toko%20Rigo%20sukabumi"
524,"Cosrent Sukabumi","Otaku & Cosplay","Zona 1 (Baros/Jalur)","HIGH_LOW_REV",083894534775,mobile,5,7,"https://www.google.com/maps/search/?api=1&query=Cosrent%20Sukabumi"
525,"Sewa kostum tari","Otaku & Cosplay","Zona 1 (Baros/Jalur)","HIGH_LOW_REV",085217854267,mobile,5,6,"https://www.google.com/maps/search/?api=1&query=Sewa%20kostum%20tari%20sukabumi"
526,"Ambu Costume","Otaku & Cosplay","Zona 4 (Jantung Kota)","UNDER_5",085759665215,mobile,4.8,6,"https://www.google.com/maps/search/?api=1&query=Ambu%20Costume%20sukabumi"
527,"ARVANI COSPLAY","Otaku & Cosplay","Zona 2 (Cisaat/Cibadak)","HIGH_LOW_REV",085846133638,mobile,5,1,"https://www.google.com/maps/search/?api=1&query=ARVANI%20COSPLAY%20sukabumi"
528,"Kostum tari bu nur (alnamira salon)","Otaku & Cosplay","Zona 4 (Jantung Kota)","UNDER_5",081381335196,mobile,4,5,"https://www.google.com/maps/search/?api=1&query=Kostum%20tari%20bu%20nur%20(alnamira%20salon)%20sukabumi"
529,"ARIANA PRO","Otaku & Cosplay","Zona 3 (Pusat Selatan)","UNDER_5",082224252023,mobile,4.9,43,"https://www.google.com/maps/search/?api=1&query=ARIANA%20PRO%20sukabumi"
530,"Toko Rei Gift Shop","Otaku & Cosplay","Zona 4 (Jantung Kota)","UNDER_5",0266222528,landline,4.8,5,"https://www.google.com/maps/search/?api=1&query=Toko%20Rei%20Gift%20Shop%20sukabumi"
531,"Gadget Plan","Electronics","Zona 1 (Baros/Jalur)","UNDER_5",081546773342,mobile,4.4,262,"https://www.google.com/maps/search/?api=1&query=Gadget%20Plan%20sukabumi"
532,"Abadi Cell & Elektronik","Electronics","Zona 1 (Baros/Jalur)","UNDER_5",08567121314,mobile,4.7,27,"https://www.google.com/maps/search/?api=1&query=Abadi%20Cell%20%26%20Elektronik%20sukabumi"
533,"G Selular Sudirman","Electronics","Zona 3 (Pusat Selatan)","UNDER_5",0266222779,landline,4.6,47,"https://www.google.com/maps/search/?api=1&query=G%20Selular%20Sudirman%20sukabumi"
534,"iClaude Service iPhone Sukabumi","Electronics","Zona 5 (Timur/Utara)","HIGH_LOW_REV",082130995656,mobile,5,124,"https://www.google.com/maps/search/?api=1&query=iClaude%20Service%20iPhone%20Sukabumi"
535,"iRoom Service Sukabumi","Electronics","Zona 4 (Jantung Kota)","HIGH_LOW_REV",0811262086,mobile,5,4557,"https://www.google.com/maps/search/?api=1&query=iRoom%20Service%20Sukabumi"
536,"Fixapple Solutions","Electronics","Zona 4 (Jantung Kota)","UNDER_5",085602021202,mobile,4.3,49,"https://www.google.com/maps/search/?api=1&query=Fixapple%20Solutions%20sukabumi"
537,"SERVICE IPHONE & ANDROID","Electronics","Zona 1 (Baros/Jalur)","UNDER_5",08161116705,mobile,4.8,4,"https://www.google.com/maps/search/?api=1&query=SERVICE%20IPHONE%20%26%20ANDROID%20sukabumi"
538,"iFixPro Cabang Sukabumi","Electronics","Zona 4 (Jantung Kota)","HIGH_LOW_REV",08133168383,mobile,5,1393,"https://www.google.com/maps/search/?api=1&query=iFixPro%20Cabang%20Sukabumi"
539,"APPLE IN STORE","Electronics","Zona 1 (Baros/Jalur)","UNDER_5",085795903806,mobile,3.8,30,"https://www.google.com/maps/search/?api=1&query=APPLE%20IN%20STORE%20sukabumi"
540,"iBox Sukabumi","Electronics","Zona 3 (Pusat Selatan)","UNDER_5",02667510004,landline,4.8,928,"https://www.google.com/maps/search/?api=1&query=iBox%20Sukabumi"
541,"VINCI APPLE STORE / TOKO IPHONE SUKABUMI SECOND DAN BARU NEW GRESS / SERVICE IPHONE SUKABUMI","Electronics","Zona 4 (Jantung Kota)","UNDER_5",085179597849,mobile,4.8,5,"https://www.google.com/maps/search/?api=1&query=VINCI%20APPLE%20STORE%20%2F%20TOKO%20IPHONE%20SUKABUMI%20SECOND%20DAN%20BARU%20NEW%20GRESS%20%2F%20SERVICE%20IPHONE%20SUKABUMI"
542,"PANDU APPLE STORE","Electronics","Zona 1 (Baros/Jalur)","UNDER_5",085723232527,mobile,4.7,87,"https://www.google.com/maps/search/?api=1&query=PANDU%20APPLE%20STORE%20sukabumi"
543,"Sukabumi_phone2 pemuda","Electronics","Zona 1 (Baros/Jalur)","UNDER_5",081460950057,mobile,4.9,90,"https://www.google.com/maps/search/?api=1&query=Sukabumi_phone2%20pemuda"
544,"Qtell Phoneshop","Electronics","Zona 4 (Jantung Kota)","UNDER_5",085863117799,mobile,4.6,104,"https://www.google.com/maps/search/?api=1&query=Qtell%20Phoneshop%20sukabumi"
